x,y,STATION_NAME,CLIMATE_IDENTIFIER,ID,LOCAL_DATE,PROVINCE_CODE,LOCAL_YEAR,LOCAL_MONTH,LOCAL_DAY,MEAN_TEMPERATURE,MEAN_TEMPERATURE_FLAG,MIN_TEMPERATURE,MIN_TEMPERATURE_FLAG,MAX_TEMPERATURE,MAX_TEMPERATURE_FLAG,TOTAL_PRECIPITATION,TOTAL_PRECIPITATION_FLAG,TOTAL_RAIN,TOTAL_RAIN_FLAG,TOTAL_SNOW,TOTAL_SNOW_FLAG,SNOW_ON_GROUND,SNOW_ON_GROUND_FLAG,DIRECTION_MAX_GUST,DIRECTION_MAX_GUST_FLAG,SPEED_MAX_GUST,SPEED_MAX_GUST_FLAG,COOLING_DEGREE_DAYS,COOLING_DEGREE_DAYS_FLAG,HEATING_DEGREE_DAYS,HEATING_DEGREE_DAYS_FLAG,MIN_REL_HUMIDITY,MIN_REL_HUMIDITY_FLAG,MAX_REL_HUMIDITY,MAX_REL_HUMIDITY_FLAG
-79.37,43.86222222,TORONTO BUTTONVILLE A,615HMAK,615HMAK.2013.9.17,2013-09-17 0:00,ON,2013,9,17,9.4,,2.8,,15.9,,0,,0,,0,,0,,0,,0,,0,,8.6,,56,,99,
-79.37,43.86222222,TORONTO BUTTONVILLE A,615HMAK,615HMAK.2013.9.18,2013-09-18 0:00,ON,2013,9,18,13.4,,5,,21.8,,0,,0,,0,,0,,0,,0,,0,,4.6,,40,,99,
-79.37,43.86222222,TORONTO BUTTONVILLE A,615HMAK,615HMAK.2013.9.19,2013-09-19 0:00,ON,2013,9,19,15.2,,7.9,,22.4,,0,,0,,0,,0,,0,,0,,0,,2.8,,67,,100,
-79.37,43.86222222,TORONTO BUTTONVILLE A,615HMAK,615HMAK.2013.9.20,2013-09-20 0:00,ON,2013,9,20,19.3,,15.3,,23.3,,17.6,,17.6,,0,,0,,18,E,35,E,1.3,,0,,78,,100,
-79.37,43.86222222,TORONTO BUTTONVILLE A,615HMAK,615HMAK.2013.9.21,2013-09-21 0:00,ON,2013,9,21,14.7,,9.5,,19.8,,24.2,,24.2,,0,,0,,27,E,32,E,0,,3.3,,81,,100,
-79.37,43.86222222,TORONTO BUTTONVILLE A,615HMAK,615HMAK.2013.9.22,2013-09-22 0:00,ON,2013,9,22,10,,7.1,,12.8,,0,T,0,T,0,,0,,31,E,32,E,0,,8,,57,,93,
-79.37,43.86222222,TORONTO BUTTONVILLE A,615HMAK,615HMAK.2013.9.23,2013-09-23 0:00,ON,2013,9,23,11,,5.7,,16.2,,0,,0,,0,,0,,0,,0,,0,,7,,50,,93,
-79.37,43.86222222,TORONTO BUTTONVILLE A,615HMAK,615HMAK.2013.9.24,2013-09-24 0:00,ON,2013,9,24,11.5,,4.3,,18.7,,0,,0,,0,,0,,0,,0,,0,,6.5,,42,,98,
-79.37,43.86222222,TORONTO BUTTONVILLE A,615HMAK,615HMAK.2013.9.25,2013-09-25 0:00,ON,2013,9,25,14.4,,6.8,,21.9,,0,,0,,0,,0,,0,,0,,0,,3.6,,42,,97,
-79.37,43.86222222,TORONTO BUTTONVILLE A,615HMAK,615HMAK.2013.9.26,2013-09-26 0:00,ON,2013,9,26,15.6,,7.9,,23.2,,0,,0,,0,,0,,0,,0,,0,,2.4,,41,,95,
-79.37,43.86222222,TORONTO BUTTONVILLE A,615HMAK,615HMAK.2013.9.27,2013-09-27 0:00,ON,2013,9,27,14.5,,8.7,,20.3,,0,,0,,0,,0,,0,,0,,0,,3.5,,60,,99,
-79.37,43.86222222,TORONTO BUTTONVILLE A,615HMAK,615HMAK.2013.9.28,2013-09-28 0:00,ON,2013,9,28,14.2,,8.9,,19.5,,0,,0,,0,,0,,0,,0,,0,,3.8,,69,,99,
-79.37,43.86222222,TORONTO BUTTONVILLE A,615HMAK,615HMAK.2013.9.29,2013-09-29 0:00,ON,2013,9,29,15.1,,9,,21.1,,0.9,,0.9,,0,,0,,0,,0,,0,,2.9,,65,,99,
-79.37,43.86222222,TORONTO BUTTONVILLE A,615HMAK,615HMAK.2013.9.30,2013-09-30 0:00,ON,2013,9,30,16.4,,13.1,,19.6,,4,,4,,0,,0,,0,,0,,0,,1.6,,88,,100,
-79.37,43.86222222,TORONTO BUTTONVILLE A,615HMAK,615HMAK.2013.10.1,2013-10-01 0:00,ON,2013,10,1,16.6,,9.7,,23.4,,0,,0,,0,,0,,0,,0,,0,,1.4,,60,,100,
-79.37,43.86222222,TORONTO BUTTONVILLE A,615HMAK,615HMAK.2013.10.2,2013-10-02 0:00,ON,2013,10,2,17.1,,9.1,,25.1,,0,,0,,0,,0,,0,,0,,0,,0.9,,28,,85,
-79.37,43.86222222,TORONTO BUTTONVILLE A,615HMAK,615HMAK.2013.10.3,2013-10-03 0:00,ON,2013,10,3,14.3,,6.8,,21.8,,0,,0,,0,,0,,0,,0,,0,,3.7,,38,,91,
-79.37,43.86222222,TORONTO BUTTONVILLE A,615HMAK,615HMAK.2013.10.4,2013-10-04 0:00,ON,2013,10,4,15.2,,14.2,,16.1,,4.2,,4.2,,0,,0,,0,,0,,0,,2.8,,63,,98,
-79.37,43.86222222,TORONTO BUTTONVILLE A,615HMAK,615HMAK.2013.10.5,2013-10-05 0:00,ON,2013,10,5,15,,12.7,,17.3,,0.2,,0.2,,0,,0,,0,,0,,0,,3,,63,,91,
-79.37,43.86222222,TORONTO BUTTONVILLE A,615HMAK,615HMAK.2013.10.6,2013-10-06 0:00,ON,2013,10,6,15.7,,12.4,,18.9,,1.4,,1.4,,0,,0,,0,,0,,0,,2.3,,61,,100,
-79.37,43.86222222,TORONTO BUTTONVILLE A,615HMAK,615HMAK.2013.10.7,2013-10-07 0:00,ON,2013,10,7,13.9,,8.8,,18.9,,7.8,,7.8,,0,,0,,24,E,44,E,0,,4.1,,53,,96,
-79.37,43.86222222,TORONTO BUTTONVILLE A,615HMAK,615HMAK.2013.10.8,2013-10-08 0:00,ON,2013,10,8,11.9,,6,,17.8,,0,,0,,0,,0,,0,,0,,0,,6.1,,46,,98,
-79.37,43.86222222,TORONTO BUTTONVILLE A,615HMAK,615HMAK.2013.10.9,2013-10-09 0:00,ON,2013,10,9,11.6,,4.9,,18.2,,0,,0,,0,,0,,0,,0,,0,,6.4,,53,,99,
-79.37,43.86222222,TORONTO BUTTONVILLE A,615HMAK,615HMAK.2013.10.10,2013-10-10 0:00,ON,2013,10,10,12.9,,5.6,,20.2,,0,,0,,0,,0,,0,,0,,0,,5.1,,43,,100,
-79.37,43.86222222,TORONTO BUTTONVILLE A,615HMAK,615HMAK.2013.10.11,2013-10-11 0:00,ON,2013,10,11,12.8,,4.5,,21.1,,0,,0,,0,,0,,0,,0,,0,,5.2,,44,,94,
-79.37,43.86222222,TORONTO BUTTONVILLE A,615HMAK,615HMAK.2013.10.12,2013-10-12 0:00,ON,2013,10,12,12.6,,5,,20.1,,0,,0,,0,,0,,0,,0,,0,,5.4,,43,,95,
-79.37,43.86222222,TORONTO BUTTONVILLE A,615HMAK,615HMAK.2013.10.13,2013-10-13 0:00,ON,2013,10,13,12.8,,10.3,,15.3,,14.2,,14.2,,0,,0,,0,,0,,0,,5.2,,86,,99,
-79.37,43.86222222,TORONTO BUTTONVILLE A,615HMAK,615HMAK.2013.10.14,2013-10-14 0:00,ON,2013,10,14,11.9,,6.3,,17.5,,0,,0,,0,,0,,0,,0,,0,,6.1,,59,,99,
-79.37,43.86222222,TORONTO BUTTONVILLE A,615HMAK,615HMAK.2013.10.15,2013-10-15 0:00,ON,2013,10,15,11,,5.1,,16.8,,0,T,0,T,0,,0,,0,,0,,0,,7,,71,,99,
-79.37,43.86222222,TORONTO BUTTONVILLE A,615HMAK,615HMAK.2013.10.16,2013-10-16 0:00,ON,2013,10,16,15.5,,10.7,,20.2,,8.4,,8.4,,0,,0,,19,E,32,E,0,,2.5,,60,,96,
-79.37,43.86222222,TORONTO BUTTONVILLE A,615HMAK,615HMAK.2013.10.17,2013-10-17 0:00,ON,2013,10,17,13.1,,9.7,,16.5,,10.4,,10.4,,0,,0,,0,,0,,0,,4.9,,63,,97,
-79.37,43.86222222,TORONTO BUTTONVILLE A,615HMAK,615HMAK.2013.10.18,2013-10-18 0:00,ON,2013,10,18,9.8,,5,,14.6,,0.2,,0.2,,0,,0,,25,E,33,E,0,,8.2,,49,,97,
-79.37,43.86222222,TORONTO BUTTONVILLE A,615HMAK,615HMAK.2013.10.19,2013-10-19 0:00,ON,2013,10,19,7.7,,4.7,,10.7,,8.6,,8.6,,0,,0,,0,,0,,0,,10.3,,79,,99,
-79.37,43.86222222,TORONTO BUTTONVILLE A,615HMAK,615HMAK.2013.10.20,2013-10-20 0:00,ON,2013,10,20,8.1,,3,,13.2,,0,,0,,0,,0,,0,,0,,0,,9.9,,42,,97,
-79.37,43.86222222,TORONTO BUTTONVILLE A,615HMAK,615HMAK.2013.10.21,2013-10-21 0:00,ON,2013,10,21,11,,6.7,,15.3,,11.8,,11.8,,0,,0,,28,E,33,E,0,,7,,63,,99,
-79.37,43.86222222,TORONTO BUTTONVILLE A,615HMAK,615HMAK.2013.10.22,2013-10-22 0:00,ON,2013,10,22,5.9,,3.4,,8.3,,0,T,0,T,0,,0,,24,E,37,E,0,,12.1,,51,,87,
-79.37,43.86222222,TORONTO BUTTONVILLE A,615HMAK,615HMAK.2013.10.23,2013-10-23 0:00,ON,2013,10,23,5.2,,1.3,,9,,0,,0,,0,,0,,33,E,32,E,0,,12.8,,50,,94,
-79.37,43.86222222,TORONTO BUTTONVILLE A,615HMAK,615HMAK.2013.10.24,2013-10-24 0:00,ON,2013,10,24,5.1,,1.1,,9,,0.6,,0.6,,0,,0,,26,E,35,E,0,,12.9,,59,,94,
-79.37,43.86222222,TORONTO BUTTONVILLE A,615HMAK,615HMAK.2013.10.25,2013-10-25 0:00,ON,2013,10,25,5.5,,1,,9.9,,0,T,0,T,0,,0,,32,E,33,E,0,,12.5,,56,,96,
-79.37,43.86222222,TORONTO BUTTONVILLE A,615HMAK,615HMAK.2013.10.26,2013-10-26 0:00,ON,2013,10,26,4.7,,2.9,,6.5,,13.8,,13.8,,0,,0,,22,E,50,E,0,,13.3,,53,,92,
-79.37,43.86222222,TORONTO BUTTONVILLE A,615HMAK,615HMAK.2013.10.27,2013-10-27 0:00,ON,2013,10,27,4,,-0.4,,8.4,,0,,0,,0,,0,,0,,0,,0,,14,,59,,99,
-79.37,43.86222222,TORONTO BUTTONVILLE A,615HMAK,615HMAK.2013.10.28,2013-10-28 0:00,ON,2013,10,28,2.7,,-2.3,,7.7,,0,,0,,0,,0,,36,E,39,E,0,,15.3,,38,,82,
-79.37,43.86222222,TORONTO BUTTONVILLE A,615HMAK,615HMAK.2013.10.29,2013-10-29 0:00,ON,2013,10,29,1.8,,-3.5,,7,,0.2,,0.2,,0,,0,,0,,0,,0,,16.2,,46,,96,
-79.37,43.86222222,TORONTO BUTTONVILLE A,615HMAK,615HMAK.2013.10.30,2013-10-30 0:00,ON,2013,10,30,7.1,,2.7,,11.4,,0.2,,0.2,,0,,0,,0,,0,,0,,10.9,,67,,99,
-79.37,43.86222222,TORONTO BUTTONVILLE A,615HMAK,615HMAK.2013.10.31,2013-10-31 0:00,ON,2013,10,31,9.9,,3.3,,16.5,,20,,20,,0,,0,,20,E,41,E,0,,8.1,,85,,100,
-79.37,43.86222222,TORONTO BUTTONVILLE A,615HMAK,615HMAK.2013.11.1,2013-11-01 0:00,ON,2013,11,1,11.4,,7.4,,15.4,,4.4,,4.4,,0,,0,,23,E,61,E,0,,6.6,,66,,94,
-79.37,43.86222222,TORONTO BUTTONVILLE A,615HMAK,615HMAK.2013.11.2,2013-11-02 0:00,ON,2013,11,2,4,,-0.3,,8.3,,2.8,,2.8,,0,,0,,0,,0,,0,,14,,67,,95,
-79.37,43.86222222,TORONTO BUTTONVILLE A,615HMAK,615HMAK.2013.11.3,2013-11-03 0:00,ON,2013,11,3,-0.2,,-4.5,,4.2,,0,,0,,0,,0,,0,,0,,0,,18.2,,35,,86,
-79.37,43.86222222,TORONTO BUTTONVILLE A,615HMAK,615HMAK.2013.11.4,2013-11-04 0:00,ON,2013,11,4,0.1,,-5.3,,5.5,,0,,0,,0,,0,,12,E,32,E,0,,17.9,,52,,90,
-79.37,43.86222222,TORONTO BUTTONVILLE A,615HMAK,615HMAK.2013.11.5,2013-11-05 0:00,ON,2013,11,5,5.9,,-0.8,,12.6,,0,,0,,0,,0,,0,,0,,0,,12.1,,60,,87,
-79.37,43.86222222,TORONTO BUTTONVILLE A,615HMAK,615HMAK.2013.11.6,2013-11-06 0:00,ON,2013,11,6,11,,7.4,,14.5,,5.8,,5.8,,0,,0,,21,E,35,E,0,,7,,65,,94,
-79.37,43.86222222,TORONTO BUTTONVILLE A,615HMAK,615HMAK.2013.11.7,2013-11-07 0:00,ON,2013,11,7,4.9,,2.4,,7.4,,1,,1,,0,T,0,,31,E,37,E,0,,13.1,,58,,86,
-79.37,43.86222222,TORONTO BUTTONVILLE A,615HMAK,615HMAK.2013.11.8,2013-11-08 0:00,ON,2013,11,8,3,,-0.2,,6.2,,0,,0,,0,,0,,30,E,44,E,0,,15,,42,,90,
-79.37,43.86222222,TORONTO BUTTONVILLE A,615HMAK,615HMAK.2013.11.9,2013-11-09 0:00,ON,2013,11,9,5.6,,1.7,,9.4,,0.4,,0.4,,0,T,0,,26,E,32,E,0,,12.4,,62,,92,
-79.37,43.86222222,TORONTO BUTTONVILLE A,615HMAK,615HMAK.2013.11.10,2013-11-10 0:00,ON,2013,11,10,4.7,,2,,7.4,,0.4,,0.4,,0,T,0,,28,E,57,E,0,,13.3,,58,,81,
-79.37,43.86222222,TORONTO BUTTONVILLE A,615HMAK,615HMAK.2013.11.11,2013-11-11 0:00,ON,2013,11,11,1.2,,-3.9,,6.2,,1,,1,,0,T,0,,32,E,37,E,0,,16.8,,54,,92,
-79.37,43.86222222,TORONTO BUTTONVILLE A,615HMAK,615HMAK.2013.11.12,2013-11-12 0:00,ON,2013,11,12,-3.1,,-5.8,,-0.4,,0,T,0,,0,T,0,,29,E,37,E,0,,21.1,,54,,81,
-79.37,43.86222222,TORONTO BUTTONVILLE A,615HMAK,615HMAK.2013.11.13,2013-11-13 0:00,ON,2013,11,13,-1.5,,-6.5,,3.6,,0,T,0,,0,T,0,T,21,E,41,E,0,,19.5,,44,,82,
-79.37,43.86222222,TORONTO BUTTONVILLE A,615HMAK,615HMAK.2013.11.14,2013-11-14 0:00,ON,2013,11,14,4.9,,-0.2,,10,,0,,0,,0,,0,,23,E,39,E,0,,13.1,,40,,58,
-79.37,43.86222222,TORONTO BUTTONVILLE A,615HMAK,615HMAK.2013.11.15,2013-11-15 0:00,ON,2013,11,15,7.7,,3.4,,12,,0,,0,,0,,0,,0,,0,,0,,10.3,,38,,68,
-79.37,43.86222222,TORONTO BUTTONVILLE A,615HMAK,615HMAK.2013.11.16,2013-11-16 0:00,ON,2013,11,16,6.3,,0.5,,12,,0,,0,,0,,0,,0,,0,,0,,11.7,,60,,88,
-79.37,43.86222222,TORONTO BUTTONVILLE A,615HMAK,615HMAK.2013.11.17,2013-11-17 0:00,ON,2013,11,17,11.4,,7.8,,15,,14,,14,,0,,0,,22,E,59,E,0,,6.6,,69,,99,
-79.37,43.86222222,TORONTO BUTTONVILLE A,615HMAK,615HMAK.2013.11.18,2013-11-18 0:00,ON,2013,11,18,6.8,,1.5,,12.1,,0.6,,0.6,,0,T,0,,25,E,67,E,0,,11.2,,51,,82,
-79.37,43.86222222,TORONTO BUTTONVILLE A,615HMAK,615HMAK.2013.11.19,2013-11-19 0:00,ON,2013,11,19,-2,,-6.1,,2.2,,0,,0,,0,,0,,33,E,41,E,0,,20,,54,,89,
-79.37,43.86222222,TORONTO BUTTONVILLE A,615HMAK,615HMAK.2013.11.20,2013-11-20 0:00,ON,2013,11,20,-2.1,,-6.6,,2.5,,0,,0,,0,,0,,0,,0,,0,,20.1,,63,,83,
-79.37,43.86222222,TORONTO BUTTONVILLE A,615HMAK,615HMAK.2013.11.21,2013-11-21 0:00,ON,2013,11,21,2.7,,-0.9,,6.2,,2,,2,,0,,0,,0,,0,,0,,15.3,,57,,99,
-79.37,43.86222222,TORONTO BUTTONVILLE A,615HMAK,615HMAK.2013.11.22,2013-11-22 0:00,ON,2013,11,22,2.6,,-3.4,,8.5,,6,,6,,0,T,0,,32,E,59,E,0,,15.4,,75,,100,
-79.37,43.86222222,TORONTO BUTTONVILLE A,615HMAK,615HMAK.2013.11.23,2013-11-23 0:00,ON,2013,11,23,-6.2,,-12.9,,0.5,,1.4,,0,,2.6,,0,,31,E,56,E,0,,24.2,,45,,86,
-79.37,43.86222222,TORONTO BUTTONVILLE A,615HMAK,615HMAK.2013.11.24,2013-11-24 0:00,ON,2013,11,24,-10,,-13.7,,-6.3,,0,,0,,0,,3,,0,,0,,0,,28,,50,,83,
-79.37,43.86222222,TORONTO BUTTONVILLE A,615HMAK,615HMAK.2013.11.25,2013-11-25 0:00,ON,2013,11,25,-3.4,,-8.1,,1.4,,0.2,,0,,0.2,,2,,22,E,41,E,0,,21.4,,43,,81,
-79.37,43.86222222,TORONTO BUTTONVILLE A,615HMAK,615HMAK.2013.11.26,2013-11-26 0:00,ON,2013,11,26,0.1,,-1,,1.1,,2.2,,0.2,,2.2,,1,,0,,0,,0,,17.9,,75,,99,
-79.37,43.86222222,TORONTO BUTTONVILLE A,615HMAK,615HMAK.2013.11.27,2013-11-27 0:00,ON,2013,11,27,-4.1,,-8.2,,0,,1.4,,0,,1.8,,4,,32,E,50,E,0,,22.1,,66,,96,
-79.37,43.86222222,TORONTO BUTTONVILLE A,615HMAK,615HMAK.2013.11.28,2013-11-28 0:00,ON,2013,11,28,-5.9,,-9.2,,-2.6,,0,,0,,0,,4,,0,,0,,0,,23.9,,46,,82,
-79.37,43.86222222,TORONTO BUTTONVILLE A,615HMAK,615HMAK.2013.11.29,2013-11-29 0:00,ON,2013,11,29,-6.6,,-12.3,,-0.8,,0,,0,,0,,3,,0,,0,,0,,24.6,,45,,85,
-79.37,43.86222222,TORONTO BUTTONVILLE A,615HMAK,615HMAK.2013.11.30,2013-11-30 0:00,ON,2013,11,30,-4.6,,-10.7,,1.5,,0,,0,,0,,3,,15,E,33,E,0,,22.6,,53,,86,
-79.37,43.86222222,TORONTO BUTTONVILLE A,615HMAK,615HMAK.2013.12.1,2013-12-01 0:00,ON,2013,12,1,1.1,,-0.6,,2.7,,1.6,,1.6,,0,,2,,0,,0,,0,,16.9,,79,,100,
-79.37,43.86222222,TORONTO BUTTONVILLE A,615HMAK,615HMAK.2013.12.2,2013-12-02 0:00,ON,2013,12,2,0.8,,-0.4,,1.9,,0,,0,,0,,0,T,0,,0,,0,,17.2,,73,,100,
-79.37,43.86222222,TORONTO BUTTONVILLE A,615HMAK,615HMAK.2013.12.3,2013-12-03 0:00,ON,2013,12,3,-0.7,,-5.4,,4.1,,0,T,0,,0,T,0,,0,,0,,0,,18.7,,49,,93,
-79.37,43.86222222,TORONTO BUTTONVILLE A,615HMAK,615HMAK.2013.12.4,2013-12-04 0:00,ON,2013,12,4,1.7,,-0.6,,4,,1,,1,,0,,0,,0,,0,,0,,16.3,,70,,95,
-79.37,43.86222222,TORONTO BUTTONVILLE A,615HMAK,615HMAK.2013.12.5,2013-12-05 0:00,ON,2013,12,5,8.7,,2,,15.3,,0,T,0,T,0,,0,,22,E,37,E,0,,9.3,,58,,96,
-79.37,43.86222222,TORONTO BUTTONVILLE A,615HMAK,615HMAK.2013.12.6,2013-12-06 0:00,ON,2013,12,6,-0.2,,-2.4,,2,,0,,0,,0,,0,,0,,0,,0,,18.2,,56,,64,
-79.37,43.86222222,TORONTO BUTTONVILLE A,615HMAK,615HMAK.2013.12.7,2013-12-07 0:00,ON,2013,12,7,-3.8,,-6.7,,-0.9,,0,,0,,0,,0,,27,E,35,E,0,,21.8,,45,,71,
-79.37,43.86222222,TORONTO BUTTONVILLE A,615HMAK,615HMAK.2013.12.8,2013-12-08 0:00,ON,2013,12,8,-4.9,,-8,,-1.7,,0,T,0,,0,T,0,,12,E,35,E,0,,22.9,,49,,78,
-79.37,43.86222222,TORONTO BUTTONVILLE A,615HMAK,615HMAK.2013.12.9,2013-12-09 0:00,ON,2013,12,9,-1.6,,-4.2,,1.1,,3.6,,0,,3.6,,3,,25,E,46,E,0,,19.6,,62,,97,
-79.37,43.86222222,TORONTO BUTTONVILLE A,615HMAK,615HMAK.2013.12.10,2013-12-10 0:00,ON,2013,12,10,-6.5,,-9.1,,-3.9,,0,T,0,,0,T,2,,26,E,37,E,0,,24.5,,54,,75,
-79.37,43.86222222,TORONTO BUTTONVILLE A,615HMAK,615HMAK.2013.12.11,2013-12-11 0:00,ON,2013,12,11,-8.2,,-11.7,,-4.7,,0,T,0,,0,T,0,T,28,E,41,E,0,,26.2,,51,,82,
-79.37,43.86222222,TORONTO BUTTONVILLE A,615HMAK,615HMAK.2013.12.12,2013-12-12 0:00,ON,2013,12,12,-10.3,,-13.6,,-6.9,,0,,0,,0,,0,T,26,E,46,E,0,,28.3,,53,,86,
-79.37,43.86222222,TORONTO BUTTONVILLE A,615HMAK,615HMAK.2013.12.13,2013-12-13 0:00,ON,2013,12,13,-10.5,,-14.8,,-6.1,,0.4,,0,,0.8,,0,T,25,E,32,E,0,,28.5,,53,,91,
-79.37,43.86222222,TORONTO BUTTONVILLE A,615HMAK,615HMAK.2013.12.14,2013-12-14 0:00,ON,2013,12,14,-13.9,,-16,,-11.8,,9,,0,,10,,1,,7,E,33,E,0,,31.9,,54,,89,
-79.37,43.86222222,TORONTO BUTTONVILLE A,615HMAK,615HMAK.2013.12.15,2013-12-15 0:00,ON,2013,12,15,-9.9,,-14.2,,-5.5,,2.4,,0,,4.4,,15,,25,E,33,E,0,,27.9,,73,,88,
-79.37,43.86222222,TORONTO BUTTONVILLE A,615HMAK,615HMAK.2013.12.16,2013-12-16 0:00,ON,2013,12,16,-14.3,,-20,,-8.5,,0,,0,,0,,15,,0,,0,,0,,32.3,,53,,82,
-79.37,43.86222222,TORONTO BUTTONVILLE A,615HMAK,615HMAK.2013.12.17,2013-12-17 0:00,ON,2013,12,17,-12,,-18.8,,-5.1,,4.6,,0,,7.4,,17,,0,,0,,0,,30,,79,,93,
-79.37,43.86222222,TORONTO BUTTONVILLE A,615HMAK,615HMAK.2013.12.18,2013-12-18 0:00,ON,2013,12,18,-3.6,,-6.4,,-0.7,,0.4,,0,,1,,22,,26,E,35,E,0,,21.6,,66,,94,
-79.37,43.86222222,TORONTO BUTTONVILLE A,615HMAK,615HMAK.2013.12.19,2013-12-19 0:00,ON,2013,12,19,-1.1,,-4.6,,2.4,,0.8,,0,,1,,19,,0,,0,,0,,19.1,,68,,94,
-79.37,43.86222222,TORONTO BUTTONVILLE A,615HMAK,615HMAK.2013.12.20,2013-12-20 0:00,ON,2013,12,20,-0.5,,-1.4,,0.5,,10,,8.4,,1.8,,11,,0,,0,,0,,18.5,,94,,99,
-79.37,43.86222222,TORONTO BUTTONVILLE A,615HMAK,615HMAK.2013.12.21,2013-12-21 0:00,ON,2013,12,21,-1.2,,-2.1,,-0.3,,16,,16,,0,,6,,0,,0,,0,,19.2,,91,,99,
-79.37,43.86222222,TORONTO BUTTONVILLE A,615HMAK,615HMAK.2013.12.22,2013-12-22 0:00,ON,2013,12,22,-1.2,,-3.5,,1.2,,10.4,,10.4,,0,,5,,0,,0,,0,,19.2,,83,,98,
-79.37,43.86222222,TORONTO BUTTONVILLE A,615HMAK,615HMAK.2013.12.23,2013-12-23 0:00,ON,2013,12,23,-5.2,,-11.1,,0.7,,0,T,0,,0,T,5,,0,,0,,0,,23.2,,77,,92,
-79.37,43.86222222,TORONTO BUTTONVILLE A,615HMAK,615HMAK.2013.12.24,2013-12-24 0:00,ON,2013,12,24,-14.5,,-18,,-10.9,,0.2,,0,,0.2,,5,,0,,0,,0,,32.5,,72,,85,
-79.37,43.86222222,TORONTO BUTTONVILLE A,615HMAK,615HMAK.2013.12.25,2013-12-25 0:00,ON,2013,12,25,-12.3,,-20,,-4.5,,3.4,,0,,4,,5,,0,,0,,0,,30.3,,78,,92,
-79.37,43.86222222,TORONTO BUTTONVILLE A,615HMAK,615HMAK.2013.12.26,2013-12-26 0:00,ON,2013,12,26,-4,,-7.1,,-0.9,,5.4,,0,,7.8,,13,,0,,0,,0,,22,,77,,93,
-79.37,43.86222222,TORONTO BUTTONVILLE A,615HMAK,615HMAK.2013.12.27,2013-12-27 0:00,ON,2013,12,27,-3.1,,-6.5,,0.4,,0,,0,,0,,15,,0,,0,,0,,21.1,,68,,88,
-79.37,43.86222222,TORONTO BUTTONVILLE A,615HMAK,615HMAK.2013.12.28,2013-12-28 0:00,ON,2013,12,28,-0.9,,-4.3,,2.5,,0,,0,,0,,12,,0,,0,,0,,18.9,,83,,96,
-79.37,43.86222222,TORONTO BUTTONVILLE A,615HMAK,615HMAK.2013.12.29,2013-12-29 0:00,ON,2013,12,29,-2.2,,-8.6,,4.2,,0,,0,,0,,11,,32,E,39,E,0,,20.2,,67,,96,
-79.37,43.86222222,TORONTO BUTTONVILLE A,615HMAK,615HMAK.2013.12.30,2013-12-30 0:00,ON,2013,12,30,-11.8,,-15,,-8.6,,0.4,,0,,0.8,,11,,31,E,35,E,0,,29.8,,47,,84,
-79.37,43.86222222,TORONTO BUTTONVILLE A,615HMAK,615HMAK.2013.12.31,2013-12-31 0:00,ON,2013,12,31,-10.1,,-13,,-7.1,,2,,0,,2.6,,12,,26,E,50,E,0,,28.1,,58,,90,
-79.37,43.86222222,TORONTO BUTTONVILLE A,615HMAK,615HMAK.2014.1.1,2014-01-01 0:00,ON,2014,1,1,-13.6,,-16.9,,-10.3,,0,,0,,0,,11,,0,,0,,0,,31.6,,39,,83,
-79.37,43.86222222,TORONTO BUTTONVILLE A,615HMAK,615HMAK.2014.1.2,2014-01-02 0:00,ON,2014,1,2,-19,,-21.2,,-16.7,,0.6,,0,,0.6,,11,,1,E,35,E,0,,37,,47,,63,
-79.37,43.86222222,TORONTO BUTTONVILLE A,615HMAK,615HMAK.2014.1.3,2014-01-03 0:00,ON,2014,1,3,-17.3,,-25.3,,-9.2,,0,,0,,0,,11,,0,,0,,0,,35.3,,32,,74,
-79.37,43.86222222,TORONTO BUTTONVILLE A,615HMAK,615HMAK.2014.1.4,2014-01-04 0:00,ON,2014,1,4,-5.2,,-9.4,,-0.9,,1.4,,0,,1.4,,11,,20,E,41,E,0,,23.2,,56,,91,
-79.37,43.86222222,TORONTO BUTTONVILLE A,615HMAK,615HMAK.2014.1.5,2014-01-05 0:00,ON,2014,1,5,-1.5,,-3.2,,0.2,,11.6,,0,T,13.2,,11,,0,,0,,0,,19.5,,90,,98,
-79.37,43.86222222,TORONTO BUTTONVILLE A,615HMAK,615HMAK.2014.1.6,2014-01-06 0:00,ON,2014,1,6,-7.9,,-16.4,,0.6,,4.8,,1,,3.8,,24,,27,E,59,E,0,,25.9,,62,,99,
-79.37,43.86222222,TORONTO BUTTONVILLE A,615HMAK,615HMAK.2014.1.7,2014-01-07 0:00,ON,2014,1,7,-19.9,,-23.5,,-16.3,,0,T,0,,0,T,22,,24,E,48,E,0,,37.9,,52,,73,
-79.37,43.86222222,TORONTO BUTTONVILLE A,615HMAK,615HMAK.2014.1.8,2014-01-08 0:00,ON,2014,1,8,-13.3,,-17.7,,-8.8,,0.2,,0,,0.2,,22,,21,E,32,E,0,,31.3,,60,,80,
-79.37,43.86222222,TORONTO BUTTONVILLE A,615HMAK,615HMAK.2014.1.9,2014-01-09 0:00,ON,2014,1,9,-11,,-15.4,,-6.5,,0,T,0,,0,T,21,,0,,0,,0,,29,,64,,89,
-79.37,43.86222222,TORONTO BUTTONVILLE A,615HMAK,615HMAK.2014.1.10,2014-01-10 0:00,ON,2014,1,10,-3.6,,-9,,1.9,,3.4,,1,,2.8,,23,,0,,0,,0,,21.6,,89,,99,
-79.37,43.86222222,TORONTO BUTTONVILLE A,615HMAK,615HMAK.2014.1.11,2014-01-11 0:00,ON,2014,1,11,4.1,,1.7,,6.5,,12.4,,12.4,,0,,17,,25,E,33,E,0,,13.9,,75,,100,
-79.37,43.86222222,TORONTO BUTTONVILLE A,615HMAK,615HMAK.2014.1.12,2014-01-12 0:00,ON,2014,1,12,0.9,,-0.6,,2.4,,0,T,0,,0,T,11,,25,E,35,E,0,,17.1,,66,,83,
-79.37,43.86222222,TORONTO BUTTONVILLE A,615HMAK,615HMAK.2014.1.13,2014-01-13 0:00,ON,2014,1,13,1.4,,-3.3,,6.1,,0,,0,,0,,11,,19,E,33,E,0,,16.6,,64,,95,
-79.37,43.86222222,TORONTO BUTTONVILLE A,615HMAK,615HMAK.2014.1.14,2014-01-14 0:00,ON,2014,1,14,2,,-0.2,,4.1,,0,,0,,0,,6,,0,,0,,0,,16,,64,,94,
-79.37,43.86222222,TORONTO BUTTONVILLE A,615HMAK,615HMAK.2014.1.15,2014-01-15 0:00,ON,2014,1,15,-2.3,,-5.6,,1,,0.4,,0,,0.4,,5,,22,E,48,E,0,,20.3,,57,,92,
-79.37,43.86222222,TORONTO BUTTONVILLE A,615HMAK,615HMAK.2014.1.16,2014-01-16 0:00,ON,2014,1,16,-4.2,,-6.4,,-1.9,,2.4,,0,,3.2,,4,,19,E,35,E,0,,22.2,,59,,93,
-79.37,43.86222222,TORONTO BUTTONVILLE A,615HMAK,615HMAK.2014.1.17,2014-01-17 0:00,ON,2014,1,17,-2.2,,-5,,0.6,,3.2,,0,,4,,10,,0,,0,,0,,20.2,,63,,94,
-79.37,43.86222222,TORONTO BUTTONVILLE A,615HMAK,615HMAK.2014.1.18,2014-01-18 0:00,ON,2014,1,18,-5.7,,-8.5,,-2.8,,1.6,,0,,2.4,,12,,0,,0,,0,,23.7,,65,,90,
-79.37,43.86222222,TORONTO BUTTONVILLE A,615HMAK,615HMAK.2014.1.19,2014-01-19 0:00,ON,2014,1,19,-5.6,,-8.4,,-2.8,,1.2,,0,,1.2,,12,,23,E,46,E,0,,23.6,,76,,88,
-79.37,43.86222222,TORONTO BUTTONVILLE A,615HMAK,615HMAK.2014.1.20,2014-01-20 0:00,ON,2014,1,20,-11,,-19.1,,-2.8,,1,,0,,2,,14,,33,E,37,E,0,,29,,64,,89,
-79.37,43.86222222,TORONTO BUTTONVILLE A,615HMAK,615HMAK.2014.1.21,2014-01-21 0:00,ON,2014,1,21,-20.5,,-23.6,,-17.4,,0,,0,,0,,14,,0,,0,,0,,38.5,,46,,73,
-79.37,43.86222222,TORONTO BUTTONVILLE A,615HMAK,615HMAK.2014.1.22,2014-01-22 0:00,ON,2014,1,22,-19.6,,-24.8,,-14.4,,0,T,0,,0,T,14,,0,,0,,0,,37.6,,41,,69,
-79.37,43.86222222,TORONTO BUTTONVILLE A,615HMAK,615HMAK.2014.1.23,2014-01-23 0:00,ON,2014,1,23,-17.8,,-20.4,,-15.2,,0.4,,0,,0.4,,15,,31,E,33,E,0,,35.8,,49,,74,
-79.37,43.86222222,TORONTO BUTTONVILLE A,615HMAK,615HMAK.2014.1.24,2014-01-24 0:00,ON,2014,1,24,-15.6,,-21.8,,-9.3,,0.6,,0,,0.8,,15,,21,E,56,E,0,,33.6,,52,,87,
-79.37,43.86222222,TORONTO BUTTONVILLE A,615HMAK,615HMAK.2014.1.25,2014-01-25 0:00,ON,2014,1,25,-11.3,,-18.4,,-4.1,,3,,0,,4.2,,18,,32,E,48,E,0,,29.3,,55,,88,
-79.37,43.86222222,TORONTO BUTTONVILLE A,615HMAK,615HMAK.2014.1.26,2014-01-26 0:00,ON,2014,1,26,-14.7,,-23.8,,-5.6,,3,,0,,5.8,,19,,0,,0,,0,,32.7,,53,,92,
-79.37,43.86222222,TORONTO BUTTONVILLE A,615HMAK,615HMAK.2014.1.27,2014-01-27 0:00,ON,2014,1,27,-11.4,,-17.2,,-5.6,,1.6,,0,,2.2,,23,,27,E,46,E,0,,29.4,,54,,90,
-79.37,43.86222222,TORONTO BUTTONVILLE A,615HMAK,615HMAK.2014.1.28,2014-01-28 0:00,ON,2014,1,28,-15.8,,-19.1,,-12.5,,0,,0,,0,,23,,25,E,44,E,0,,33.8,,51,,65,
-79.37,43.86222222,TORONTO BUTTONVILLE A,615HMAK,615HMAK.2014.1.29,2014-01-29 0:00,ON,2014,1,29,-14.5,,-18.7,,-10.2,,0,T,0,,0,T,22,,27,E,46,E,0,,32.5,,51,,67,
-79.37,43.86222222,TORONTO BUTTONVILLE A,615HMAK,615HMAK.2014.1.30,2014-01-30 0:00,ON,2014,1,30,-8.8,,-15.6,,-2,,0.2,,0,,0.2,,18,,23,E,61,E,0,,26.8,,46,,83,
-79.37,43.86222222,TORONTO BUTTONVILLE A,615HMAK,615HMAK.2014.1.31,2014-01-31 0:00,ON,2014,1,31,-4.1,,-8,,-0.2,,0.8,,0,,1.4,,19,,0,,0,,0,,22.1,,62,,86,
-79.37,43.86222222,TORONTO BUTTONVILLE A,615HMAK,615HMAK.2014.2.1,2014-02-01 0:00,ON,2014,2,1,-3.8,,-8,,0.4,,15.2,,0,,16.5,,18,,0,,0,,0,,21.8,,84,,99,
-79.37,43.86222222,TORONTO BUTTONVILLE A,615HMAK,615HMAK.2014.2.2,2014-02-02 0:00,ON,2014,2,2,-4.9,,-9.3,,-0.5,,0,T,0,,0,T,24,,0,,0,,0,,22.9,,75,,94,
-79.37,43.86222222,TORONTO BUTTONVILLE A,615HMAK,615HMAK.2014.2.3,2014-02-03 0:00,ON,2014,2,3,-10.2,,-17,,-3.3,,0,,0,,0,,24,,0,,0,,0,,28.2,,54,,92,
-79.37,43.86222222,TORONTO BUTTONVILLE A,615HMAK,615HMAK.2014.2.4,2014-02-04 0:00,ON,2014,2,4,-11.2,,-18.7,,-3.6,,0.6,,0,,0.8,,24,,0,,0,,0,,29.2,,55,,97,
-79.37,43.86222222,TORONTO BUTTONVILLE A,615HMAK,615HMAK.2014.2.5,2014-02-05 0:00,ON,2014,2,5,-11.6,,-16.2,,-7,,15.2,,0,,18.8,,27,,36,E,39,E,0,,29.6,,68,,92,
-79.37,43.86222222,TORONTO BUTTONVILLE A,615HMAK,615HMAK.2014.2.6,2014-02-06 0:00,ON,2014,2,6,-14.8,,-21.3,,-8.3,,0.2,,0,,0.2,,36,,27,E,37,E,0,,32.8,,69,,89,
-79.37,43.86222222,TORONTO BUTTONVILLE A,615HMAK,615HMAK.2014.2.7,2014-02-07 0:00,ON,2014,2,7,-13.6,,-16.9,,-10.3,,0,T,0,,0,T,36,,24,E,35,E,0,,31.6,,66,,76,
-79.37,43.86222222,TORONTO BUTTONVILLE A,615HMAK,615HMAK.2014.2.8,2014-02-08 0:00,ON,2014,2,8,-12.7,,-16.4,,-8.9,,0,,0,,0,,36,,0,,0,,0,,30.7,,64,,77,
-79.37,43.86222222,TORONTO BUTTONVILLE A,615HMAK,615HMAK.2014.2.9,2014-02-09 0:00,ON,2014,2,9,-13.4,,-18.8,,-8,,2.2,,0,,3,,35,,0,,0,,0,,31.4,,76,,94,
-79.37,43.86222222,TORONTO BUTTONVILLE A,615HMAK,615HMAK.2014.2.10,2014-02-10 0:00,ON,2014,2,10,-14.2,,-21.3,,-7,,0,T,0,,0,T,36,,32,E,32,E,0,,32.2,,54,,93,
-79.37,43.86222222,TORONTO BUTTONVILLE A,615HMAK,615HMAK.2014.2.11,2014-02-11 0:00,ON,2014,2,11,-15.6,,-22,,-9.1,,0,,0,,0,,36,,0,,0,,0,,33.6,,51,,77,
-79.37,43.86222222,TORONTO BUTTONVILLE A,615HMAK,615HMAK.2014.2.12,2014-02-12 0:00,ON,2014,2,12,-15.7,,-24.6,,-6.8,,0,,0,,0,,35,,0,,0,,0,,33.7,,58,,90,
-79.37,43.86222222,TORONTO BUTTONVILLE A,615HMAK,615HMAK.2014.2.13,2014-02-13 0:00,ON,2014,2,13,-10,,-17.6,,-2.4,,0,,0,,0,,35,,0,,0,,0,,28,,49,,88,
-79.37,43.86222222,TORONTO BUTTONVILLE A,615HMAK,615HMAK.2014.2.14,2014-02-14 0:00,ON,2014,2,14,-3.4,,-6.6,,-0.2,,0,T,0,,0,T,34,,0,,0,,0,,21.4,,60,,78,
-79.37,43.86222222,TORONTO BUTTONVILLE A,615HMAK,615HMAK.2014.2.15,2014-02-15 0:00,ON,2014,2,15,-9.4,,-14.5,,-4.3,,0,T,0,,0,T,31,,0,,0,,0,,27.4,,58,,92,
-79.37,43.86222222,TORONTO BUTTONVILLE A,615HMAK,615HMAK.2014.2.16,2014-02-16 0:00,ON,2014,2,16,-12.3,,-16,,-8.5,,0.4,,0,,0.4,,31,,0,,0,,0,,30.3,,50,,83,
-79.37,43.86222222,TORONTO BUTTONVILLE A,615HMAK,615HMAK.2014.2.17,2014-02-17 0:00,ON,2014,2,17,-12.2,,-19.5,,-4.8,,1.8,,0,,2,,31,,12,E,48,E,0,,30.2,,34,,89,
-79.37,43.86222222,TORONTO BUTTONVILLE A,615HMAK,615HMAK.2014.2.18,2014-02-18 0:00,ON,2014,2,18,-3.6,,-6.8,,-0.3,,6,,0,,6.4,,38,,28,E,35,E,0,,21.6,,67,,93,
-79.37,43.86222222,TORONTO BUTTONVILLE A,615HMAK,615HMAK.2014.2.19,2014-02-19 0:00,ON,2014,2,19,0,,-6.3,,6.3,,0.2,,0.2,,0,,38,,0,,0,,0,,18,,58,,94,
-79.37,43.86222222,TORONTO BUTTONVILLE A,615HMAK,615HMAK.2014.2.20,2014-02-20 0:00,ON,2014,2,20,-3.5,,-9.3,,2.4,,11.6,,8.8,,2.8,,36,,11,E,48,E,0,,21.5,,70,,99,
-79.37,43.86222222,TORONTO BUTTONVILLE A,615HMAK,615HMAK.2014.2.21,2014-02-21 0:00,ON,2014,2,21,1.8,,-0.8,,4.4,,3.6,,3.6,,0,T,31,,23,E,61,E,0,,16.2,,50,,99,
-79.37,43.86222222,TORONTO BUTTONVILLE A,615HMAK,615HMAK.2014.2.22,2014-02-22 0:00,ON,2014,2,22,0.2,,-2.3,,2.7,,0,,0,,0,,29,,24,E,59,E,0,,17.8,,35,,71,
-79.37,43.86222222,TORONTO BUTTONVILLE A,615HMAK,615HMAK.2014.2.23,2014-02-23 0:00,ON,2014,2,23,-3.6,,-6.4,,-0.7,,0,,0,,0,,27,,24,E,37,E,0,,21.6,,49,,68,
-79.37,43.86222222,TORONTO BUTTONVILLE A,615HMAK,615HMAK.2014.2.24,2014-02-24 0:00,ON,2014,2,24,-8.6,,-11.4,,-5.7,,0.2,,0,,0.2,,26,,29,E,44,E,0,,26.6,,49,,79,
-79.37,43.86222222,TORONTO BUTTONVILLE A,615HMAK,615HMAK.2014.2.25,2014-02-25 0:00,ON,2014,2,25,-9.3,,-12.7,,-5.8,,0.2,,0,,0.2,,26,,32,E,33,E,0,,27.3,,52,,83,
-79.37,43.86222222,TORONTO BUTTONVILLE A,615HMAK,615HMAK.2014.2.26,2014-02-26 0:00,ON,2014,2,26,-13.5,,-16.6,,-10.4,,0,T,0,,0,T,25,,28,E,39,E,0,,31.5,,39,,72,
-79.37,43.86222222,TORONTO BUTTONVILLE A,615HMAK,615HMAK.2014.2.27,2014-02-27 0:00,ON,2014,2,27,-13.7,,-17.7,,-9.7,,0,T,0,,0,T,25,,33,E,57,E,0,,31.7,,39,,75,
-79.37,43.86222222,TORONTO BUTTONVILLE A,615HMAK,615HMAK.2014.2.28,2014-02-28 0:00,ON,2014,2,28,-14.6,,-20.7,,-8.5,,0,T,0,,0,T,25,,0,,0,,0,,32.6,,34,,67,
-79.37,43.86222222,TORONTO BUTTONVILLE A,615HMAK,615HMAK.2014.3.1,2014-03-01 0:00,ON,2014,3,1,-7.5,,-12.2,,-2.7,,2.2,,0,,3,,24,,32,E,39,E,0,,25.5,,45,,84,
-79.37,43.86222222,TORONTO BUTTONVILLE A,615HMAK,615HMAK.2014.3.2,2014-03-02 0:00,ON,2014,3,2,-14,,-18,,-10,,1.6,,0,,2,,29,,31,E,32,E,0,,32,,52,,83,
-79.37,43.86222222,TORONTO BUTTONVILLE A,615HMAK,615HMAK.2014.3.3,2014-03-03 0:00,ON,2014,3,3,-16.1,,-20.5,,-11.7,,0,,0,,0,,29,,32,E,39,E,0,,34.1,,36,,66,
-79.37,43.86222222,TORONTO BUTTONVILLE A,615HMAK,615HMAK.2014.3.4,2014-03-04 0:00,ON,2014,3,4,-15.9,,-22.4,,-9.3,,2,,0,,2.4,,29,,0,,0,,0,,33.9,,60,,82,
-79.37,43.86222222,TORONTO BUTTONVILLE A,615HMAK,615HMAK.2014.3.5,2014-03-05 0:00,ON,2014,3,5,-11.2,,-16.7,,-5.7,,0,T,0,,0,T,30,,0,,0,,0,,29.2,,47,,89,
-79.37,43.86222222,TORONTO BUTTONVILLE A,615HMAK,615HMAK.2014.3.6,2014-03-06 0:00,ON,2014,3,6,-11.9,,-18.2,,-5.6,,0.5,,0,,0.5,,30,,0,,0,,0,,29.9,,57,,87,
-79.37,43.86222222,TORONTO BUTTONVILLE A,615HMAK,615HMAK.2014.3.7,2014-03-07 0:00,ON,2014,3,7,-6.3,,-16.4,,3.8,,0,,0,,0,,30,,0,,0,,0,,24.3,,51,,90,
-79.37,43.86222222,TORONTO BUTTONVILLE A,615HMAK,615HMAK.2014.3.8,2014-03-08 0:00,ON,2014,3,8,-3.2,,-8,,1.6,,0,T,0,T,0,T,29,,32,E,37,E,0,,21.2,,57,,88,
-79.37,43.86222222,TORONTO BUTTONVILLE A,615HMAK,615HMAK.2014.3.9,2014-03-09 0:00,ON,2014,3,9,-5.6,,-11.1,,-0.1,,0,T,0,,0,T,28,,22,E,33,E,0,,23.6,,46,,80,
-79.37,43.86222222,TORONTO BUTTONVILLE A,615HMAK,615HMAK.2014.3.10,2014-03-10 0:00,ON,2014,3,10,2,,-2.3,,6.3,,0,,0,,0,,25,,0,,0,,0,,16,,67,,81,
-79.37,43.86222222,TORONTO BUTTONVILLE A,615HMAK,615HMAK.2014.3.11,2014-03-11 0:00,ON,2014,3,11,6.4,,1.4,,11.3,,0,,0,,0,,18,,0,,0,,0,,11.6,,45,,80,
-79.37,43.86222222,TORONTO BUTTONVILLE A,615HMAK,615HMAK.2014.3.12,2014-03-12 0:00,ON,2014,3,12,-6.3,,-15.5,,3,,15.6,,0,,18.4,,13,,36,E,54,E,0,,24.3,,52,,91,
-79.37,43.86222222,TORONTO BUTTONVILLE A,615HMAK,615HMAK.2014.3.13,2014-03-13 0:00,ON,2014,3,13,-12.7,,-18.3,,-7,,0,,0,,0,,27,,34,E,48,E,0,,30.7,,39,,67,
-79.37,43.86222222,TORONTO BUTTONVILLE A,615HMAK,615HMAK.2014.3.14,2014-03-14 0:00,ON,2014,3,14,1.2,,-7.5,,9.8,,0,,0,,0,,27,,21,E,48,E,0,,16.8,,46,,73,
-79.37,43.86222222,TORONTO BUTTONVILLE A,615HMAK,615HMAK.2014.3.15,2014-03-15 0:00,ON,2014,3,15,-2,,-8.7,,4.8,,0,T,0,,0,T,22,,28,E,48,E,0,,20,,54,,78,
-79.37,43.86222222,TORONTO BUTTONVILLE A,615HMAK,615HMAK.2014.3.16,2014-03-16 0:00,ON,2014,3,16,-12.3,,-16,,-8.6,,0,,0,,0,,17,,0,,0,,0,,30.3,,30,,74,
-79.37,43.86222222,TORONTO BUTTONVILLE A,615HMAK,615HMAK.2014.3.17,2014-03-17 0:00,ON,2014,3,17,-11.2,,-17.4,,-5,,0,,0,,0,,17,,0,,0,,0,,29.2,,51,,66,
-79.37,43.86222222,TORONTO BUTTONVILLE A,615HMAK,615HMAK.2014.3.18,2014-03-18 0:00,ON,2014,3,18,-3.7,,-9.6,,2.2,,0,,0,,0,,12,,10,E,32,E,0,,21.7,,48,,70,
-79.37,43.86222222,TORONTO BUTTONVILLE A,615HMAK,615HMAK.2014.3.19,2014-03-19 0:00,ON,2014,3,19,2,,-1.3,,5.2,,4.6,,4.6,,0,T,7,,27,E,33,E,0,,16,,66,,99,
-79.37,43.86222222,TORONTO BUTTONVILLE A,615HMAK,615HMAK.2014.3.20,2014-03-20 0:00,ON,2014,3,20,0.9,,-2.2,,3.9,,1,,1,,0,T,0,T,29,E,50,E,0,,17.1,,58,,86,
-79.37,43.86222222,TORONTO BUTTONVILLE A,615HMAK,615HMAK.2014.3.21,2014-03-21 0:00,ON,2014,3,21,0.5,,-2.9,,3.8,,0,T,0,,0,T,0,T,0,,0,,0,,17.5,,47,,80,
-79.37,43.86222222,TORONTO BUTTONVILLE A,615HMAK,615HMAK.2014.3.22,2014-03-22 0:00,ON,2014,3,22,-2.3,,-7.3,,2.8,,1.5,,0,,2,,2,,32,E,50,E,0,,20.3,,58,,92,
-79.37,43.86222222,TORONTO BUTTONVILLE A,615HMAK,615HMAK.2014.3.23,2014-03-23 0:00,ON,2014,3,23,-8.9,,-11.5,,-6.2,,0,T,0,,0,T,0,T,32,E,37,E,0,,26.9,,42,,77,
-79.37,43.86222222,TORONTO BUTTONVILLE A,615HMAK,615HMAK.2014.3.24,2014-03-24 0:00,ON,2014,3,24,-7.9,,-12.1,,-3.7,,0,,0,,0,,0,T,0,,0,,0,,25.9,,45,,78,
-79.37,43.86222222,TORONTO BUTTONVILLE A,615HMAK,615HMAK.2014.3.25,2014-03-25 0:00,ON,2014,3,25,-5.4,,-10.7,,-0.1,,0.2,,0,,0.2,,0,T,28,E,41,E,0,,23.4,,46,,86,
-79.37,43.86222222,TORONTO BUTTONVILLE A,615HMAK,615HMAK.2014.3.26,2014-03-26 0:00,ON,2014,3,26,-8.4,,-12.8,,-3.9,,0,,0,,0,,0,T,32,E,33,E,0,,26.4,,40,,72,
-79.37,43.86222222,TORONTO BUTTONVILLE A,615HMAK,615HMAK.2014.3.27,2014-03-27 0:00,ON,2014,3,27,-4.3,,-11.2,,2.6,,1.8,,0.8,,1.2,,0,T,18,E,32,E,0,,22.3,,48,,94,
-79.37,43.86222222,TORONTO BUTTONVILLE A,615HMAK,615HMAK.2014.3.28,2014-03-28 0:00,ON,2014,3,28,5.4,,1.3,,9.5,,4.4,,4.4,,0,,0,T,31,E,41,E,0,,12.6,,71,,99,
-79.37,43.86222222,TORONTO BUTTONVILLE A,615HMAK,615HMAK.2014.3.29,2014-03-29 0:00,ON,2014,3,29,1.6,,0.6,,2.5,,0,,0,,0,,0,T,2,E,33,E,0,,16.4,,60,,80,
-79.37,43.86222222,TORONTO BUTTONVILLE A,615HMAK,615HMAK.2014.3.30,2014-03-30 0:00,ON,2014,3,30,2.1,,-2,,6.1,,0,,0,,0,,0,T,34,E,41,E,0,,15.9,,41,,59,
-79.37,43.86222222,TORONTO BUTTONVILLE A,615HMAK,615HMAK.2014.3.31,2014-03-31 0:00,ON,2014,3,31,5.5,,-1.7,,12.6,,0,,0,,0,,0,T,0,,0,,0,,12.5,,34,,76,
-79.37,43.86222222,TORONTO BUTTONVILLE A,615HMAK,615HMAK.2014.4.1,2014-04-01 0:00,ON,2014,4,1,3.9,,0,,7.7,,0,,0,,0,,0,,10,E,46,E,0,,14.1,,54,,80,
-79.37,43.86222222,TORONTO BUTTONVILLE A,615HMAK,615HMAK.2014.4.2,2014-04-02 0:00,ON,2014,4,2,3,,-1.7,,7.6,,0,,0,,0,,0,,25,E,32,E,0,,15,,48,,68,
-79.37,43.86222222,TORONTO BUTTONVILLE A,615HMAK,615HMAK.2014.4.3,2014-04-03 0:00,ON,2014,4,3,1.4,,-2.7,,5.4,,0,,0,,0,,0,,0,,0,,0,,16.6,,46,,76,
-79.37,43.86222222,TORONTO BUTTONVILLE A,615HMAK,615HMAK.2014.4.4,2014-04-04 0:00,ON,2014,4,4,4,,1.6,,6.4,,12,,12,,0,,0,,10,E,46,E,0,,14,,53,,99,
-79.37,43.86222222,TORONTO BUTTONVILLE A,615HMAK,615HMAK.2014.4.5,2014-04-05 0:00,ON,2014,4,5,0.4,,-3.4,,4.2,,0,T,0,,0,T,0,T,28,E,50,E,0,,17.6,,53,,77,
-79.37,43.86222222,TORONTO BUTTONVILLE A,615HMAK,615HMAK.2014.4.6,2014-04-06 0:00,ON,2014,4,6,3.6,,-5.6,,12.7,,0,,0,,0,,0,,0,,0,,0,,14.4,,34,,89,
-79.37,43.86222222,TORONTO BUTTONVILLE A,615HMAK,615HMAK.2014.4.7,2014-04-07 0:00,ON,2014,4,7,3.9,,-1.6,,9.4,,14.8,,14.8,,0,,0,,9,E,48,E,0,,14.1,,43,,97,
-79.37,43.86222222,TORONTO BUTTONVILLE A,615HMAK,615HMAK.2014.4.8,2014-04-08 0:00,ON,2014,4,8,6.1,,1.3,,10.8,,4.4,,4.4,,0,,0,,32,E,48,E,0,,11.9,,49,,97,
-79.37,43.86222222,TORONTO BUTTONVILLE A,615HMAK,615HMAK.2014.4.9,2014-04-09 0:00,ON,2014,4,9,5.8,,0.6,,10.9,,0,,0,,0,,0,,29,E,32,E,0,,12.2,,31,,78,
-79.37,43.86222222,TORONTO BUTTONVILLE A,615HMAK,615HMAK.2014.4.10,2014-04-10 0:00,ON,2014,4,10,10.9,,2.7,,19.1,,0.2,,0.2,,0,,0,,19,E,61,E,0,,7.1,,32,,86,
-79.37,43.86222222,TORONTO BUTTONVILLE A,615HMAK,615HMAK.2014.4.11,2014-04-11 0:00,ON,2014,4,11,9.1,,2.4,,15.7,,0,,0,,0,,0,,0,,0,,0,,8.9,,26,,91,
-79.37,43.86222222,TORONTO BUTTONVILLE A,615HMAK,615HMAK.2014.4.12,2014-04-12 0:00,ON,2014,4,12,8.6,,1.2,,16,,10.6,,10.6,,0,,0,,0,,0,,0,,9.4,,38,,91,
-79.37,43.86222222,TORONTO BUTTONVILLE A,615HMAK,615HMAK.2014.4.13,2014-04-13 0:00,ON,2014,4,13,13.5,,5.5,,21.5,,8.7,,8.7,,0,,0,,11,E,46,E,0,,4.5,,57,,96,
-79.37,43.86222222,TORONTO BUTTONVILLE A,615HMAK,615HMAK.2014.4.14,2014-04-14 0:00,ON,2014,4,14,11.1,,1.3,,20.8,,3.8,,3.8,,0,,0,,22,E,80,E,0,,6.9,,57,,93,
-79.37,43.86222222,TORONTO BUTTONVILLE A,615HMAK,615HMAK.2014.4.15,2014-04-15 0:00,ON,2014,4,15,-2.3,,-6,,1.4,,1.8,,1,,1.4,,1,,29,E,46,E,0,,20.3,,58,,92,
-79.37,43.86222222,TORONTO BUTTONVILLE A,615HMAK,615HMAK.2014.4.16,2014-04-16 0:00,ON,2014,4,16,-1.4,,-7.6,,4.8,,0,,0,,0,,0,T,0,,0,,0,,19.4,,39,,80,
-79.37,43.86222222,TORONTO BUTTONVILLE A,615HMAK,615HMAK.2014.4.17,2014-04-17 0:00,ON,2014,4,17,3.2,,-2.1,,8.5,,0,,0,,0,,0,,11,E,39,E,0,,14.8,,41,,79,
-79.37,43.86222222,TORONTO BUTTONVILLE A,615HMAK,615HMAK.2014.4.18,2014-04-18 0:00,ON,2014,4,18,5.9,,1.6,,10.1,,0.2,,0.2,,0,,0,,0,,0,,0,,12.1,,51,,93,
-79.37,43.86222222,TORONTO BUTTONVILLE A,615HMAK,615HMAK.2014.4.19,2014-04-19 0:00,ON,2014,4,19,6.3,,0.1,,12.5,,0,,0,,0,,0,,0,,0,,0,,11.7,,38,,85,
-79.37,43.86222222,TORONTO BUTTONVILLE A,615HMAK,615HMAK.2014.4.20,2014-04-20 0:00,ON,2014,4,20,6.3,,-0.9,,13.5,,0,,0,,0,,0,,0,,0,,0,,11.7,,40,,86,
-79.37,43.86222222,TORONTO BUTTONVILLE A,615HMAK,615HMAK.2014.4.21,2014-04-21 0:00,ON,2014,4,21,13.5,,5,,21.9,,0,T,0,T,0,,0,,0,,0,,0,,4.5,,34,,74,
-79.37,43.86222222,TORONTO BUTTONVILLE A,615HMAK,615HMAK.2014.4.22,2014-04-22 0:00,ON,2014,4,22,8.5,,3.4,,13.5,,4.8,,4.8,,0,,0,,31,E,50,E,0,,9.5,,64,,97,
-79.37,43.86222222,TORONTO BUTTONVILLE A,615HMAK,615HMAK.2014.4.23,2014-04-23 0:00,ON,2014,4,23,4.5,,1.2,,7.8,,0.3,,0.3,,0,,0,,32,E,54,E,0,,13.5,,28,,89,
-79.37,43.86222222,TORONTO BUTTONVILLE A,615HMAK,615HMAK.2014.4.24,2014-04-24 0:00,ON,2014,4,24,6.6,,0.3,,12.8,,0,,0,,0,,0,,36,E,32,E,0,,11.4,,21,,59,
-79.37,43.86222222,TORONTO BUTTONVILLE A,615HMAK,615HMAK.2014.4.25,2014-04-25 0:00,ON,2014,4,25,6.9,,3.6,,10.2,,2.8,,2.8,,0,,0,,10,E,57,E,0,,11.1,,30,,89,
-79.37,43.86222222,TORONTO BUTTONVILLE A,615HMAK,615HMAK.2014.4.26,2014-04-26 0:00,ON,2014,4,26,5.5,,3.1,,7.9,,0,T,0,T,0,,0,,33,E,39,E,0,,12.5,,66,,91,
-79.37,43.86222222,TORONTO BUTTONVILLE A,615HMAK,615HMAK.2014.4.27,2014-04-27 0:00,ON,2014,4,27,7.6,,1.3,,13.9,,0,,0,,0,,0,,0,,0,,0,,10.4,,36,,78,
-79.37,43.86222222,TORONTO BUTTONVILLE A,615HMAK,615HMAK.2014.4.28,2014-04-28 0:00,ON,2014,4,28,7,,0.8,,13.2,,0,,0,,0,,0,,9,E,37,E,0,,11,,36,,75,
-79.37,43.86222222,TORONTO BUTTONVILLE A,615HMAK,615HMAK.2014.4.29,2014-04-29 0:00,ON,2014,4,29,7.3,,5.4,,9.1,,20.6,,20.6,,0,,0,,10,E,59,E,0,,10.7,,60,,97,
-79.37,43.86222222,TORONTO BUTTONVILLE A,615HMAK,615HMAK.2014.4.30,2014-04-30 0:00,ON,2014,4,30,6.1,,5,,7.2,,4,,4,,0,,0,,9,E,41,E,0,,11.9,,85,,100,
-79.37,43.86222222,TORONTO BUTTONVILLE A,615HMAK,615HMAK.2014.5.1,2014-05-01 0:00,ON,2014,5,1,10.6,,6.3,,14.9,,0,T,0,T,0,,0,,24,E,41,E,0,,7.4,,49,,100,
-79.37,43.86222222,TORONTO BUTTONVILLE A,615HMAK,615HMAK.2014.5.2,2014-05-02 0:00,ON,2014,5,2,9.3,,6.5,,12.1,,1.8,,1.8,,0,,0,,0,,0,,0,,8.7,,62,,88,
-79.37,43.86222222,TORONTO BUTTONVILLE A,615HMAK,615HMAK.2014.5.3,2014-05-03 0:00,ON,2014,5,3,8.7,,5.2,,12.1,,5.2,,5.2,,0,,0,,28,E,39,E,0,,9.3,,74,,93,
-79.37,43.86222222,TORONTO BUTTONVILLE A,615HMAK,615HMAK.2014.5.4,2014-05-04 0:00,ON,2014,5,4,9.1,,4.2,,14,,0.4,,0.4,,0,,0,,32,E,54,E,0,,8.9,,40,,86,
-79.37,43.86222222,TORONTO BUTTONVILLE A,615HMAK,615HMAK.2014.5.5,2014-05-05 0:00,ON,2014,5,5,9.5,,3.8,,15.1,,0,,0,,0,,0,,0,,0,,0,,8.5,,35,,80,
-79.37,43.86222222,TORONTO BUTTONVILLE A,615HMAK,615HMAK.2014.5.6,2014-05-06 0:00,ON,2014,5,6,10.6,,5.3,,15.8,,0,,0,,0,,0,,0,,0,,0,,7.4,,34,,68,
-79.37,43.86222222,TORONTO BUTTONVILLE A,615HMAK,615HMAK.2014.5.7,2014-05-07 0:00,ON,2014,5,7,8.5,,3,,13.9,,0,T,0,T,0,,0,,10,E,37,E,0,,9.5,,30,,75,
-79.37,43.86222222,TORONTO BUTTONVILLE A,615HMAK,615HMAK.2014.5.8,2014-05-08 0:00,ON,2014,5,8,13.9,,8.6,,19.2,,0.2,,0.2,,0,,0,,11,E,39,E,0,,4.1,,33,,58,
-79.37,43.86222222,TORONTO BUTTONVILLE A,615HMAK,615HMAK.2014.5.9,2014-05-09 0:00,ON,2014,5,9,17.5,,11.4,,23.6,,0,T,0,T,0,,0,,0,,0,,0,,0.5,,50,,87,
-79.37,43.86222222,TORONTO BUTTONVILLE A,615HMAK,615HMAK.2014.5.10,2014-05-10 0:00,ON,2014,5,10,13.8,,7.2,,20.3,,0,,0,,0,,0,,25,E,44,E,0,,4.2,,36,,75,
-79.37,43.86222222,TORONTO BUTTONVILLE A,615HMAK,615HMAK.2014.5.11,2014-05-11 0:00,ON,2014,5,11,14.9,,6.9,,22.9,,0,,0,,0,,0,,0,,0,,0,,3.1,,34,,69,
-79.37,43.86222222,TORONTO BUTTONVILLE A,615HMAK,615HMAK.2014.5.12,2014-05-12 0:00,ON,2014,5,12,17,,10.7,,23.3,,1.8,,1.8,,0,,0,,0,,0,,0,,1,,37,,88,
-79.37,43.86222222,TORONTO BUTTONVILLE A,615HMAK,615HMAK.2014.5.13,2014-05-13 0:00,ON,2014,5,13,14.8,,10.9,,18.6,,3.8,,3.8,,0,,0,,0,,0,,0,,3.2,,72,,97,
-79.37,43.86222222,TORONTO BUTTONVILLE A,615HMAK,615HMAK.2014.5.14,2014-05-14 0:00,ON,2014,5,14,15.1,,11.2,,19,,10.2,,10.2,,0,,0,,0,,0,,0,,2.9,,64,,97,
-79.37,43.86222222,TORONTO BUTTONVILLE A,615HMAK,615HMAK.2014.5.15,2014-05-15 0:00,ON,2014,5,15,15.7,,10.9,,20.4,,11.6,,11.6,,0,,0,,21,E,37,E,0,,2.3,,80,,99,
-79.37,43.86222222,TORONTO BUTTONVILLE A,615HMAK,615HMAK.2014.5.16,2014-05-16 0:00,ON,2014,5,16,7.8,,3.2,,12.4,,4.4,,4.4,,0,,0,,0,,0,,0,,10.2,,61,,96,
-79.37,43.86222222,TORONTO BUTTONVILLE A,615HMAK,615HMAK.2014.5.17,2014-05-17 0:00,ON,2014,5,17,8.2,,2.4,,13.9,,0,,0,,0,,0,,30,E,32,E,0,,9.8,,36,,81,
-79.37,43.86222222,TORONTO BUTTONVILLE A,615HMAK,615HMAK.2014.5.18,2014-05-18 0:00,ON,2014,5,18,7.8,,1.5,,14,,0.8,,0.8,,0,,0,,0,,0,,0,,10.2,,52,,93,
-79.37,43.86222222,TORONTO BUTTONVILLE A,615HMAK,615HMAK.2014.5.19,2014-05-19 0:00,ON,2014,5,19,13.1,,4,,22.1,,0,,0,,0,,0,,0,,0,,0,,4.9,,34,,95,
-79.37,43.86222222,TORONTO BUTTONVILLE A,615HMAK,615HMAK.2014.5.20,2014-05-20 0:00,ON,2014,5,20,14.7,,9.4,,20,,0.2,,0.2,,0,,0,,0,,0,,0,,3.3,,42,,80,
-79.37,43.86222222,TORONTO BUTTONVILLE A,615HMAK,615HMAK.2014.5.21,2014-05-21 0:00,ON,2014,5,21,16.1,,10.5,,21.7,,16.4,,16.4,,0,,0,,32,E,32,E,0,,1.9,,64,,99,
-79.37,43.86222222,TORONTO BUTTONVILLE A,615HMAK,615HMAK.2014.5.22,2014-05-22 0:00,ON,2014,5,22,15.7,,10.7,,20.7,,0,,0,,0,,0,,31,E,33,E,0,,2.3,,60,,99,
-79.37,43.86222222,TORONTO BUTTONVILLE A,615HMAK,615HMAK.2014.5.23,2014-05-23 0:00,ON,2014,5,23,13.3,,9.6,,16.9,,0.2,,0.2,,0,,0,,0,,0,,0,,4.7,,73,,93,
-79.37,43.86222222,TORONTO BUTTONVILLE A,615HMAK,615HMAK.2014.5.24,2014-05-24 0:00,ON,2014,5,24,15.9,,7.8,,23.9,,0,,0,,0,,0,,32,E,35,E,0,,2.1,,27,,95,
-79.37,43.86222222,TORONTO BUTTONVILLE A,615HMAK,615HMAK.2014.5.25,2014-05-25 0:00,ON,2014,5,25,18.8,,9.8,,27.8,,0,,0,,0,,0,,23,E,32,E,0.8,,0,,31,,72,
-79.37,43.86222222,TORONTO BUTTONVILLE A,615HMAK,615HMAK.2014.5.26,2014-05-26 0:00,ON,2014,5,26,23.1,,16.8,,29.4,,0,,0,,0,,0,,27,E,41,E,5.1,,0,,31,,64,
-79.37,43.86222222,TORONTO BUTTONVILLE A,615HMAK,615HMAK.2014.5.27,2014-05-27 0:00,ON,2014,5,27,22.7,,16.2,,29.2,,2.8,,2.8,,0,,0,,2,E,44,E,4.7,,0,,56,,84,
-79.37,43.86222222,TORONTO BUTTONVILLE A,615HMAK,615HMAK.2014.5.28,2014-05-28 0:00,ON,2014,5,28,14.6,,12.1,,17,,0,,0,,0,,0,,0,,0,,0,,3.4,,70,,82,
-79.37,43.86222222,TORONTO BUTTONVILLE A,615HMAK,615HMAK.2014.5.29,2014-05-29 0:00,ON,2014,5,29,15.2,,10.1,,20.2,,0,,0,,0,,0,,0,,0,,0,,2.8,,66,,95,
-79.37,43.86222222,TORONTO BUTTONVILLE A,615HMAK,615HMAK.2014.5.30,2014-05-30 0:00,ON,2014,5,30,17.5,,9.6,,25.4,,0,,0,,0,,0,,35,E,35,E,0,,0.5,,45,,95,
-79.37,43.86222222,TORONTO BUTTONVILLE A,615HMAK,615HMAK.2014.5.31,2014-05-31 0:00,ON,2014,5,31,16.5,,10,,23,,0,,0,,0,,0,,0,,0,,0,,1.5,,32,,76,
-79.37,43.86222222,TORONTO BUTTONVILLE A,615HMAK,615HMAK.2014.6.1,2014-06-01 0:00,ON,2014,6,1,16.5,,7.2,,25.7,,0,,0,,0,,0,,0,,0,,0,,1.5,,43,,84,
-79.37,43.86222222,TORONTO BUTTONVILLE A,615HMAK,615HMAK.2014.6.2,2014-06-02 0:00,ON,2014,6,2,24.2,,20.4,,27.9,,1.4,,1.4,,0,,0,,18,E,37,E,6.2,,0,,59,,89,
-79.37,43.86222222,TORONTO BUTTONVILLE A,615HMAK,615HMAK.2014.6.3,2014-06-03 0:00,ON,2014,6,3,19.1,,11,,27.1,,13.2,,13.2,,0,,0,,30,E,39,E,1.1,,0,,47,,97,
-79.37,43.86222222,TORONTO BUTTONVILLE A,615HMAK,615HMAK.2014.6.4,2014-06-04 0:00,ON,2014,6,4,16.7,,10.3,,23.1,,0,,0,,0,,0,,33,E,33,E,0,,1.3,,38,,87,
-79.37,43.86222222,TORONTO BUTTONVILLE A,615HMAK,615HMAK.2014.6.5,2014-06-05 0:00,ON,2014,6,5,14,,10.5,,17.4,,0,,0,,0,,0,,32,E,39,E,0,,4,,56,,85,
-79.37,43.86222222,TORONTO BUTTONVILLE A,615HMAK,615HMAK.2014.6.6,2014-06-06 0:00,ON,2014,6,6,16.6,,8.4,,24.7,,0,,0,,0,,0,,33,E,32,E,0,,1.4,,27,,92,
-79.37,43.86222222,TORONTO BUTTONVILLE A,615HMAK,615HMAK.2014.6.7,2014-06-07 0:00,ON,2014,6,7,16.6,,7.2,,25.9,,0,,0,,0,,0,,0,,0,,0,,1.4,,26,,91,
-79.37,43.86222222,TORONTO BUTTONVILLE A,615HMAK,615HMAK.2014.6.8,2014-06-08 0:00,ON,2014,6,8,16.2,,11.4,,21,,1.2,,1.2,,0,,0,,0,,0,,0,,1.8,,51,,87,
-79.37,43.86222222,TORONTO BUTTONVILLE A,615HMAK,615HMAK.2014.6.9,2014-06-09 0:00,ON,2014,6,9,20.4,,13.7,,27.1,,0,,0,,0,,0,,0,,0,,2.4,,0,,46,,89,
-79.37,43.86222222,TORONTO BUTTONVILLE A,615HMAK,615HMAK.2014.6.10,2014-06-10 0:00,ON,2014,6,10,18.9,,13.1,,24.7,,0,,0,,0,,0,,0,,0,,0.9,,0,,50,,82,
-79.37,43.86222222,TORONTO BUTTONVILLE A,615HMAK,615HMAK.2014.6.11,2014-06-11 0:00,ON,2014,6,11,19.8,,16.4,,23.2,,10.6,,10.6,,0,,0,,0,,0,,1.8,,0,,62,,96,
-79.37,43.86222222,TORONTO BUTTONVILLE A,615HMAK,615HMAK.2014.6.12,2014-06-12 0:00,ON,2014,6,12,21.3,,16.5,,26.1,,24.6,,24.6,,0,,0,,0,,0,,3.3,,0,,65,,97,
-79.37,43.86222222,TORONTO BUTTONVILLE A,615HMAK,615HMAK.2014.6.13,2014-06-13 0:00,ON,2014,6,13,18,,11.4,,24.5,,0.8,,0.8,,0,,0,,31,E,37,E,0,,0,,50,,91,
-79.37,43.86222222,TORONTO BUTTONVILLE A,615HMAK,615HMAK.2014.6.14,2014-06-14 0:00,ON,2014,6,14,15,,10,,19.9,,0,,0,,0,,0,,32,E,32,E,0,,3,,56,,86,
-79.37,43.86222222,TORONTO BUTTONVILLE A,615HMAK,615HMAK.2014.6.15,2014-06-15 0:00,ON,2014,6,15,15.5,,9.3,,21.6,,0,,0,,0,,0,,0,,0,,0,,2.5,,54,,89,
-79.37,43.86222222,TORONTO BUTTONVILLE A,615HMAK,615HMAK.2014.6.16,2014-06-16 0:00,ON,2014,6,16,17.9,,10.4,,25.4,,3,,3,,0,,0,,0,,0,,0,,0.1,,62,,99,
-79.37,43.86222222,TORONTO BUTTONVILLE A,615HMAK,615HMAK.2014.6.17,2014-06-17 0:00,ON,2014,6,17,21.7,,13.6,,29.7,,28.8,,28.8,,0,,0,,25,E,69,E,3.7,,0,,54,,97,
-79.37,43.86222222,TORONTO BUTTONVILLE A,615HMAK,615HMAK.2014.6.18,2014-06-18 0:00,ON,2014,6,18,20.9,,17.2,,24.5,,3.4,,3.4,,0,,0,,0,,0,,2.9,,0,,45,,87,
-79.37,43.86222222,TORONTO BUTTONVILLE A,615HMAK,615HMAK.2014.6.19,2014-06-19 0:00,ON,2014,6,19,19.5,,14.3,,24.7,,0,,0,,0,,0,,0,,0,,1.5,,0,,30,,85,
-79.37,43.86222222,TORONTO BUTTONVILLE A,615HMAK,615HMAK.2014.6.20,2014-06-20 0:00,ON,2014,6,20,17.8,,13,,22.6,,0,,0,,0,,0,,0,,0,,0,,0.2,,41,,75,
-79.37,43.86222222,TORONTO BUTTONVILLE A,615HMAK,615HMAK.2014.6.21,2014-06-21 0:00,ON,2014,6,21,19.2,,13,,25.3,,0,,0,,0,,0,,0,,0,,1.2,,0,,39,,78,
-79.37,43.86222222,TORONTO BUTTONVILLE A,615HMAK,615HMAK.2014.6.22,2014-06-22 0:00,ON,2014,6,22,18.3,,10.9,,25.6,,0,,0,,0,,0,,0,,0,,0.3,,0,,41,,90,
-79.37,43.86222222,TORONTO BUTTONVILLE A,615HMAK,615HMAK.2014.6.23,2014-06-23 0:00,ON,2014,6,23,17.3,,11.4,,23.2,,0.2,,0.2,,0,,0,,0,,0,,0,,0.7,,49,,85,
-79.37,43.86222222,TORONTO BUTTONVILLE A,615HMAK,615HMAK.2014.6.24,2014-06-24 0:00,ON,2014,6,24,22.8,,18.2,,27.4,,9.8,,9.8,,0,,0,,28,E,59,E,4.8,,0,,69,,95,
-79.37,43.86222222,TORONTO BUTTONVILLE A,615HMAK,615HMAK.2014.6.25,2014-06-25 0:00,ON,2014,6,25,21.3,,18.7,,23.8,,1.4,,1.4,,0,,0,,0,,0,,3.3,,0,,63,,96,
-79.37,43.86222222,TORONTO BUTTONVILLE A,615HMAK,615HMAK.2014.6.26,2014-06-26 0:00,ON,2014,6,26,21.4,,15.2,,27.6,,0.6,,0.6,,0,,0,,0,,0,,3.4,,0,,44,,92,
-79.37,43.86222222,TORONTO BUTTONVILLE A,615HMAK,615HMAK.2014.6.27,2014-06-27 0:00,ON,2014,6,27,20.5,,13.9,,27.1,,0,,0,,0,,0,,0,,0,,2.5,,0,,46,,83,
-79.37,43.86222222,TORONTO BUTTONVILLE A,615HMAK,615HMAK.2014.6.28,2014-06-28 0:00,ON,2014,6,28,22.4,,15.4,,29.4,,0,,0,,0,,0,,0,,0,,4.4,,0,,54,,89,
-79.37,43.86222222,TORONTO BUTTONVILLE A,615HMAK,615HMAK.2014.6.29,2014-06-29 0:00,ON,2014,6,29,23.4,,17.4,,29.3,,3.4,,3.4,,0,,0,,28,,46,,5.4,,0,,60,,92,
-79.37,43.86222222,TORONTO BUTTONVILLE A,615HMAK,615HMAK.2014.6.30,2014-06-30 0:00,ON,2014,6,30,25.2,,20.3,,30,,0,,0,,0,,0,,18,E,39,E,7.2,,0,,57,,95,
-79.37,43.86222222,TORONTO BUTTONVILLE A,615HMAK,615HMAK.2014.7.1,2014-07-01 0:00,ON,2014,7,1,26,,22.2,,29.7,,9.4,,9.4,,0,,0,,23,E,37,E,8,,0,,53,,87,
-79.37,43.86222222,TORONTO BUTTONVILLE A,615HMAK,615HMAK.2014.7.2,2014-07-02 0:00,ON,2014,7,2,23.2,,17.7,,28.7,,3.4,,3.4,,0,,0,,28,E,50,E,5.2,,0,,49,,86,
-79.37,43.86222222,TORONTO BUTTONVILLE A,615HMAK,615HMAK.2014.7.3,2014-07-03 0:00,ON,2014,7,3,18.2,,12.8,,23.6,,0.2,,0.2,,0,,0,,32,E,37,E,0.2,,0,,59,,86,
-79.37,43.86222222,TORONTO BUTTONVILLE A,615HMAK,615HMAK.2014.7.4,2014-07-04 0:00,ON,2014,7,4,17.7,,11.5,,23.8,,0,,0,,0,,0,,34,E,37,E,0,,0.3,,37,,88,
-79.37,43.86222222,TORONTO BUTTONVILLE A,615HMAK,615HMAK.2014.7.5,2014-07-05 0:00,ON,2014,7,5,20.4,,13.1,,27.6,,0,,0,,0,,0,,0,,0,,2.4,,0,,31,,61,
-79.37,43.86222222,TORONTO BUTTONVILLE A,615HMAK,615HMAK.2014.7.6,2014-07-06 0:00,ON,2014,7,6,22.1,,15.8,,28.4,,0,,0,,0,,0,,21,E,37,E,4.1,,0,,42,,69,
-79.37,43.86222222,TORONTO BUTTONVILLE A,615HMAK,615HMAK.2014.7.7,2014-07-07 0:00,ON,2014,7,7,24.2,,19,,29.3,,15.6,,15.6,,0,,0,,23,E,33,E,6.2,,0,,49,,95,
-79.37,43.86222222,TORONTO BUTTONVILLE A,615HMAK,615HMAK.2014.7.8,2014-07-08 0:00,ON,2014,7,8,20.1,,15.1,,25,,13.8,,13.8,,0,,0,,22,E,39,E,2.1,,0,,71,,93,
-79.37,43.86222222,TORONTO BUTTONVILLE A,615HMAK,615HMAK.2014.7.9,2014-07-09 0:00,ON,2014,7,9,17,,11.4,,22.6,,0,,0,,0,,0,,29,E,35,E,0,,1,,48,,83,
-79.37,43.86222222,TORONTO BUTTONVILLE A,615HMAK,615HMAK.2014.7.10,2014-07-10 0:00,ON,2014,7,10,16.1,,9.6,,22.6,,0,,0,,0,,0,,0,,0,,0,,1.9,,50,,91,
-79.37,43.86222222,TORONTO BUTTONVILLE A,615HMAK,615HMAK.2014.7.11,2014-07-11 0:00,ON,2014,7,11,17.7,,10.3,,25.1,,0,,0,,0,,0,,0,,0,,0,,0.3,,45,,93,
-79.37,43.86222222,TORONTO BUTTONVILLE A,615HMAK,615HMAK.2014.7.12,2014-07-12 0:00,ON,2014,7,12,20.8,,12.9,,28.6,,0,,0,,0,,0,,0,,0,,2.8,,0,,45,,89,
-79.37,43.86222222,TORONTO BUTTONVILLE A,615HMAK,615HMAK.2014.7.13,2014-07-13 0:00,ON,2014,7,13,23.9,,18.3,,29.4,,3.6,,3.6,,0,,0,,19,E,35,E,5.9,,0,,46,,90,
-79.37,43.86222222,TORONTO BUTTONVILLE A,615HMAK,615HMAK.2014.7.14,2014-07-14 0:00,ON,2014,7,14,18.9,,14.8,,22.9,,0.6,,0.6,,0,,0,,0,,0,,0.9,,0,,43,,85,
-79.37,43.86222222,TORONTO BUTTONVILLE A,615HMAK,615HMAK.2014.7.15,2014-07-15 0:00,ON,2014,7,15,19.7,,14.4,,25,,8.6,,8.6,,0,,0,,28,E,48,E,1.7,,0,,39,,94,
-79.37,43.86222222,TORONTO BUTTONVILLE A,615HMAK,615HMAK.2014.7.16,2014-07-16 0:00,ON,2014,7,16,16.8,,11.2,,22.4,,5,,5,,0,,0,,0,,0,,0,,1.2,,55,,91,
-79.37,43.86222222,TORONTO BUTTONVILLE A,615HMAK,615HMAK.2014.7.17,2014-07-17 0:00,ON,2014,7,17,16.1,,8.6,,23.6,,0,,0,,0,,0,,0,,0,,0,,1.9,,40,,91,
-79.37,43.86222222,TORONTO BUTTONVILLE A,615HMAK,615HMAK.2014.7.18,2014-07-18 0:00,ON,2014,7,18,17.5,,9.7,,25.3,,0,,0,,0,,0,,0,,0,,0,,0.5,,33,,93,
-79.37,43.86222222,TORONTO BUTTONVILLE A,615HMAK,615HMAK.2014.7.19,2014-07-19 0:00,ON,2014,7,19,17.5,,12.8,,22.2,,5.6,,5.6,,0,,0,,0,,0,,0,,0.5,,66,,95,
-79.37,43.86222222,TORONTO BUTTONVILLE A,615HMAK,615HMAK.2014.7.20,2014-07-20 0:00,ON,2014,7,20,19.8,,16,,23.6,,1.6,,1.6,,0,,0,,0,,0,,1.8,,0,,74,,99,
-79.37,43.86222222,TORONTO BUTTONVILLE A,615HMAK,615HMAK.2014.7.21,2014-07-21 0:00,ON,2014,7,21,21.4,,14.5,,28.3,,0,,0,,0,,0,,0,,0,,3.4,,0,,52,,99,
-79.37,43.86222222,TORONTO BUTTONVILLE A,615HMAK,615HMAK.2014.7.22,2014-07-22 0:00,ON,2014,7,22,22.8,,15.7,,29.8,,4.4,,4.4,,0,,0,,19,E,32,E,4.8,,0,,42,,99,
-79.37,43.86222222,TORONTO BUTTONVILLE A,615HMAK,615HMAK.2014.7.23,2014-07-23 0:00,ON,2014,7,23,18.9,,14,,23.8,,0,,0,,0,,0,,32,E,37,E,0.9,,0,,63,,84,
-79.37,43.86222222,TORONTO BUTTONVILLE A,615HMAK,615HMAK.2014.7.24,2014-07-24 0:00,ON,2014,7,24,18,,12.1,,23.8,,0,,0,,0,,0,,0,,0,,0,,0,,42,,84,
-79.37,43.86222222,TORONTO BUTTONVILLE A,615HMAK,615HMAK.2014.7.25,2014-07-25 0:00,ON,2014,7,25,18.2,,10.4,,25.9,,0,,0,,0,,0,,0,,0,,0.2,,0,,40,,92,
-79.37,43.86222222,TORONTO BUTTONVILLE A,615HMAK,615HMAK.2014.7.26,2014-07-26 0:00,ON,2014,7,26,20.2,,14.1,,26.2,,0,T,0,T,0,,0,,0,,0,,2.2,,0,,52,,89,
-79.37,43.86222222,TORONTO BUTTONVILLE A,615HMAK,615HMAK.2014.7.27,2014-07-27 0:00,ON,2014,7,27,22.8,,16,,29.5,,77.6,,77.6,,0,,0,,0,,0,,4.8,,0,,45,,97,
-79.37,43.86222222,TORONTO BUTTONVILLE A,615HMAK,615HMAK.2014.7.28,2014-07-28 0:00,ON,2014,7,28,17.3,,14,,20.6,,9.2,,9.2,,0,,0,,35,E,39,E,0,,0.7,,57,,96,
-79.37,43.86222222,TORONTO BUTTONVILLE A,615HMAK,615HMAK.2014.7.29,2014-07-29 0:00,ON,2014,7,29,17.4,,12.9,,21.8,,0.2,,0.2,,0,,0,,0,,0,,0,,0.6,,47,,97,
-79.37,43.86222222,TORONTO BUTTONVILLE A,615HMAK,615HMAK.2014.7.30,2014-07-30 0:00,ON,2014,7,30,17.6,,12,,23.1,,1,,1,,0,,0,,32,E,52,E,0,,0.4,,49,,99,
-79.37,43.86222222,TORONTO BUTTONVILLE A,615HMAK,615HMAK.2014.7.31,2014-07-31 0:00,ON,2014,7,31,18.6,,12,,25.2,,0,,0,,0,,0,,0,,0,,0.6,,0,,43,,94,
-79.37,43.86222222,TORONTO BUTTONVILLE A,615HMAK,615HMAK.2014.8.1,2014-08-01 0:00,ON,2014,8,1,21.1,,14.4,,27.7,,27.8,,27.8,,0,,0,,1,E,33,E,3.1,,0,,46,,98,
-79.37,43.86222222,TORONTO BUTTONVILLE A,615HMAK,615HMAK.2014.8.2,2014-08-02 0:00,ON,2014,8,2,20.1,,13.3,,26.9,,0,,0,,0,,0,,0,,0,,2.1,,0,,50,,99,
-79.37,43.86222222,TORONTO BUTTONVILLE A,615HMAK,615HMAK.2014.8.3,2014-08-03 0:00,ON,2014,8,3,21.9,,16.9,,26.8,,0,,0,,0,,0,,0,,0,,3.9,,0,,57,,93,
-79.37,43.86222222,TORONTO BUTTONVILLE A,615HMAK,615HMAK.2014.8.4,2014-08-04 0:00,ON,2014,8,4,21.4,,15.3,,27.4,,37.4,,37.4,,0,,0,,0,,0,,3.4,,0,,59,,97,
-79.37,43.86222222,TORONTO BUTTONVILLE A,615HMAK,615HMAK.2014.8.5,2014-08-05 0:00,ON,2014,8,5,19.6,,14.5,,24.7,,1.4,,1.4,,0,,0,,0,,0,,1.6,,0,,52,,96,
-79.37,43.86222222,TORONTO BUTTONVILLE A,615HMAK,615HMAK.2014.8.6,2014-08-06 0:00,ON,2014,8,6,19.8,,13.9,,25.6,,0,,0,,0,,0,,0,,0,,1.8,,0,,44,,96,
-79.37,43.86222222,TORONTO BUTTONVILLE A,615HMAK,615HMAK.2014.8.7,2014-08-07 0:00,ON,2014,8,7,19.8,,15.3,,24.3,,0,,0,,0,,0,,0,,0,,1.8,,0,,43,,87,
-79.37,43.86222222,TORONTO BUTTONVILLE A,615HMAK,615HMAK.2014.8.8,2014-08-08 0:00,ON,2014,8,8,18.7,,12.7,,24.7,,0,,0,,0,,0,,0,,0,,0.7,,0,,46,,94,
-79.37,43.86222222,TORONTO BUTTONVILLE A,615HMAK,615HMAK.2014.8.9,2014-08-09 0:00,ON,2014,8,9,20.2,,13.9,,26.5,,0,,0,,0,,0,,0,,0,,2.2,,0,,46,,92,
-79.37,43.86222222,TORONTO BUTTONVILLE A,615HMAK,615HMAK.2014.8.10,2014-08-10 0:00,ON,2014,8,10,19.4,,12.5,,26.3,,0,,0,,0,,0,,0,,0,,1.4,,0,,43,,93,
-79.37,43.86222222,TORONTO BUTTONVILLE A,615HMAK,615HMAK.2014.8.11,2014-08-11 0:00,ON,2014,8,11,20.7,,14.9,,26.5,,6.8,,6.8,,0,,0,,12,E,33,E,2.7,,0,,53,,94,
-79.37,43.86222222,TORONTO BUTTONVILLE A,615HMAK,615HMAK.2014.8.12,2014-08-12 0:00,ON,2014,8,12,21.7,,17.6,,25.8,,10.2,,10.2,,0,,0,,18,E,37,E,3.7,,0,,68,,96,
-79.37,43.86222222,TORONTO BUTTONVILLE A,615HMAK,615HMAK.2014.8.13,2014-08-13 0:00,ON,2014,8,13,17.4,,12.9,,21.9,,0.2,,0.2,,0,,0,,31,E,50,E,0,,0.6,,61,,86,
-79.37,43.86222222,TORONTO BUTTONVILLE A,615HMAK,615HMAK.2014.8.14,2014-08-14 0:00,ON,2014,8,14,14.1,,11.1,,17,,0.2,,0.2,,0,,0,,29,E,33,E,0,,3.9,,51,,90,
-79.37,43.86222222,TORONTO BUTTONVILLE A,615HMAK,615HMAK.2014.8.15,2014-08-15 0:00,ON,2014,8,15,17.5,,11.7,,23.3,,0,,0,,0,,0,,29,E,33,E,0,,0.5,,39,,85,
-79.37,43.86222222,TORONTO BUTTONVILLE A,615HMAK,615HMAK.2014.8.16,2014-08-16 0:00,ON,2014,8,16,17.5,,13.2,,21.7,,6,,6,,0,,0,,25,E,35,E,0,,0.5,,53,,93,
-79.37,43.86222222,TORONTO BUTTONVILLE A,615HMAK,615HMAK.2014.8.17,2014-08-17 0:00,ON,2014,8,17,18.5,,13.4,,23.6,,0,,0,,0,,0,,0,,0,,0.5,,0,,55,,96,
-79.37,43.86222222,TORONTO BUTTONVILLE A,615HMAK,615HMAK.2014.8.18,2014-08-18 0:00,ON,2014,8,18,16.7,,11,,22.3,,0,,0,,0,,0,,0,,0,,0,,1.3,,57,,99,
-79.37,43.86222222,TORONTO BUTTONVILLE A,615HMAK,615HMAK.2014.8.19,2014-08-19 0:00,ON,2014,8,19,15.9,,9.8,,21.9,,0,,0,,0,,0,,0,,0,,0,,2.1,,45,,96,
-79.37,43.86222222,TORONTO BUTTONVILLE A,615HMAK,615HMAK.2014.8.20,2014-08-20 0:00,ON,2014,8,20,20,,16.2,,23.8,,1.6,,1.6,,0,,0,,0,,0,,2,,0,,74,,97,
-79.37,43.86222222,TORONTO BUTTONVILLE A,615HMAK,615HMAK.2014.8.21,2014-08-21 0:00,ON,2014,8,21,21.6,,17.2,,25.9,,0.4,,0.4,,0,,0,,0,,0,,3.6,,0,,64,,98,
-79.37,43.86222222,TORONTO BUTTONVILLE A,615HMAK,615HMAK.2014.8.22,2014-08-22 0:00,ON,2014,8,22,21.3,,16.8,,25.8,,2.6,,2.6,,0,,0,,0,,0,,3.3,,0,,60,,96,
-79.37,43.86222222,TORONTO BUTTONVILLE A,615HMAK,615HMAK.2014.8.23,2014-08-23 0:00,ON,2014,8,23,19.3,,16.7,,21.9,,0,,0,,0,,0,,0,,0,,1.3,,0,,81,,96,
-79.37,43.86222222,TORONTO BUTTONVILLE A,615HMAK,615HMAK.2014.8.24,2014-08-24 0:00,ON,2014,8,24,19.9,,15.4,,24.3,,0,,0,,0,,0,,0,,0,,1.9,,0,,54,,96,
-79.37,43.86222222,TORONTO BUTTONVILLE A,615HMAK,615HMAK.2014.8.25,2014-08-25 0:00,ON,2014,8,25,20.6,,13.7,,27.5,,0,,0,,0,,0,,0,,0,,2.6,,0,,45,,94,
-79.37,43.86222222,TORONTO BUTTONVILLE A,615HMAK,615HMAK.2014.8.26,2014-08-26 0:00,ON,2014,8,26,23.1,,15.6,,30.5,,0,,0,,0,,0,,0,,0,,5.1,,0,,57,,94,
-79.37,43.86222222,TORONTO BUTTONVILLE A,615HMAK,615HMAK.2014.8.27,2014-08-27 0:00,ON,2014,8,27,18.5,,13.4,,23.6,,0,,0,,0,,0,,32,E,32,E,0.5,,0,,54,,82,
-79.37,43.86222222,TORONTO BUTTONVILLE A,615HMAK,615HMAK.2014.8.28,2014-08-28 0:00,ON,2014,8,28,16.8,,11.4,,22.1,,0,,0,,0,,0,,31,E,33,E,0,,1.2,,36,,89,
-79.37,43.86222222,TORONTO BUTTONVILLE A,615HMAK,615HMAK.2014.8.29,2014-08-29 0:00,ON,2014,8,29,16.3,,10.3,,22.3,,0,,0,,0,,0,,0,,0,,0,,1.7,,50,,94,
-79.37,43.86222222,TORONTO BUTTONVILLE A,615HMAK,615HMAK.2014.8.30,2014-08-30 0:00,ON,2014,8,30,22,,15.5,,28.4,,0,T,0,T,0,,0,,22,E,33,E,4,,0,,52,,92,
-79.37,43.86222222,TORONTO BUTTONVILLE A,615HMAK,615HMAK.2014.8.31,2014-08-31 0:00,ON,2014,8,31,23.7,,17.7,,29.7,,0,,0,,0,,0,,0,,0,,5.7,,0,,47,,91,
-79.37,43.86222222,TORONTO BUTTONVILLE A,615HMAK,615HMAK.2014.9.1,2014-09-01 0:00,ON,2014,9,1,21.4,,16.3,,26.5,,0.8,,0.8,,0,,0,,17,E,32,E,3.4,,0,,68,,95,
-79.37,43.86222222,TORONTO BUTTONVILLE A,615HMAK,615HMAK.2014.9.2,2014-09-02 0:00,ON,2014,9,2,20.3,,14.9,,25.6,,32,,32,,0,,0,,32,E,41,E,2.3,,0,,70,,97,
-79.37,43.86222222,TORONTO BUTTONVILLE A,615HMAK,615HMAK.2014.9.3,2014-09-03 0:00,ON,2014,9,3,19.6,,12.4,,26.7,,0,,0,,0,,0,,0,,0,,1.6,,0,,50,,99,
-79.37,43.86222222,TORONTO BUTTONVILLE A,615HMAK,615HMAK.2014.9.4,2014-09-04 0:00,ON,2014,9,4,21.1,,13.5,,28.6,,0,,0,,0,,0,,0,,0,,3.1,,0,,49,,97,
-79.37,43.86222222,TORONTO BUTTONVILLE A,615HMAK,615HMAK.2014.9.5,2014-09-05 0:00,ON,2014,9,5,24.9,,19.3,,30.4,,30.8,,30.8,,0,,0,,31,E,57,E,6.9,,0,,64,,96,
-79.37,43.86222222,TORONTO BUTTONVILLE A,615HMAK,615HMAK.2014.9.6,2014-09-06 0:00,ON,2014,9,6,15.9,,10.6,,21.2,,9,,9,,0,,0,,33,E,33,E,0,,2.1,,41,,95,
-79.37,43.86222222,TORONTO BUTTONVILLE A,615HMAK,615HMAK.2014.9.7,2014-09-07 0:00,ON,2014,9,7,17,,10.7,,23.2,,0,,0,,0,,0,,0,,0,,0,,1,,44,,95,
-79.37,43.86222222,TORONTO BUTTONVILLE A,615HMAK,615HMAK.2014.9.8,2014-09-08 0:00,ON,2014,9,8,16,,10,,21.9,,0,,0,,0,,0,,0,,0,,0,,2,,50,,97,
-79.37,43.86222222,TORONTO BUTTONVILLE A,615HMAK,615HMAK.2014.9.9,2014-09-09 0:00,ON,2014,9,9,18.5,,15.3,,21.7,,0,,0,,0,,0,,0,,0,,0.5,,0,,70,,94,
-79.37,43.86222222,TORONTO BUTTONVILLE A,615HMAK,615HMAK.2014.9.10,2014-09-10 0:00,ON,2014,9,10,18.5,,14.7,,22.3,,25.2,,25.2,,0,,0,,19,E,48,E,0.5,,0,,79,,96,
-79.37,43.86222222,TORONTO BUTTONVILLE A,615HMAK,615HMAK.2014.9.11,2014-09-11 0:00,ON,2014,9,11,16.1,,9.7,,22.5,,4,,4,,0,,0,,30,E,41,E,0,,1.9,,66,,94,
-79.37,43.86222222,TORONTO BUTTONVILLE A,615HMAK,615HMAK.2014.9.12,2014-09-12 0:00,ON,2014,9,12,12.2,,8.5,,15.9,,0,T,0,T,0,,0,,0,,0,,0,,5.8,,51,,86,
-79.37,43.86222222,TORONTO BUTTONVILLE A,615HMAK,615HMAK.2014.9.13,2014-09-13 0:00,ON,2014,9,13,9.9,,5.5,,14.3,,3.8,,3.8,,0,,0,,32,E,33,E,0,,8.1,,66,,97,
-79.37,43.86222222,TORONTO BUTTONVILLE A,615HMAK,615HMAK.2014.9.14,2014-09-14 0:00,ON,2014,9,14,9.5,,4.3,,14.7,,0,,0,,0,,0,,0,,0,,0,,8.5,,56,,99,
-79.37,43.86222222,TORONTO BUTTONVILLE A,615HMAK,615HMAK.2014.9.15,2014-09-15 0:00,ON,2014,9,15,12.5,,6.6,,18.3,,4,,4,,0,,0,,0,,0,,0,,5.5,,52,,99,
-79.37,43.86222222,TORONTO BUTTONVILLE A,615HMAK,615HMAK.2014.9.16,2014-09-16 0:00,ON,2014,9,16,13,,7.1,,18.9,,0,,0,,0,,0,,30,E,35,E,0,,5,,45,,95,
-79.37,43.86222222,TORONTO BUTTONVILLE A,615HMAK,615HMAK.2014.9.17,2014-09-17 0:00,ON,2014,9,17,13.4,,5.8,,20.9,,0,,0,,0,,0,,0,,0,,0,,4.6,,43,,97,
-79.37,43.86222222,TORONTO BUTTONVILLE A,615HMAK,615HMAK.2014.9.18,2014-09-18 0:00,ON,2014,9,18,9.7,,4.8,,14.6,,0.3,,0.3,,0,,0,,0,,0,,0,,8.3,,49,,95,
-79.37,43.86222222,TORONTO BUTTONVILLE A,615HMAK,615HMAK.2014.9.19,2014-09-19 0:00,ON,2014,9,19,8.4,,3.1,,13.7,,0,,0,,0,,0,,14,E,32,E,0,,9.6,,62,,97,
-79.37,43.86222222,TORONTO BUTTONVILLE A,615HMAK,615HMAK.2014.9.20,2014-09-20 0:00,ON,2014,9,20,15.3,,6.3,,24.3,,0.4,,0.4,,0,,0,,21,E,46,E,0,,2.7,,54,,99,
-79.37,43.86222222,TORONTO BUTTONVILLE A,615HMAK,615HMAK.2014.9.21,2014-09-21 0:00,ON,2014,9,21,16.7,,9,,24.4,,18.1,,18.1,,0,,0,,33,E,46,E,0,,1.3,,50,,97,
-79.37,43.86222222,TORONTO BUTTONVILLE A,615HMAK,615HMAK.2014.9.22,2014-09-22 0:00,ON,2014,9,22,11.2,,7.4,,15,,0,,0,,0,,0,,32,E,33,E,0,,6.8,,52,,84,
-79.37,43.86222222,TORONTO BUTTONVILLE A,615HMAK,615HMAK.2014.9.23,2014-09-23 0:00,ON,2014,9,23,15.8,,8.3,,23.3,,0,,0,,0,,0,,0,,0,,0,,2.2,,47,,96,
-79.37,43.86222222,TORONTO BUTTONVILLE A,615HMAK,615HMAK.2014.9.24,2014-09-24 0:00,ON,2014,9,24,15.7,,9,,22.3,,0,,0,,0,,0,,0,,0,,0,,2.3,,51,,100,
-79.37,43.86222222,TORONTO BUTTONVILLE A,615HMAK,615HMAK.2014.9.25,2014-09-25 0:00,ON,2014,9,25,15.8,,9.5,,22.1,,0,,0,,0,,0,,0,,0,,0,,2.2,,54,,98,
-79.37,43.86222222,TORONTO BUTTONVILLE A,615HMAK,615HMAK.2014.9.26,2014-09-26 0:00,ON,2014,9,26,17,,8.4,,25.5,,0,,0,,0,,0,,0,,0,,0,,1,,47,,96,
-79.37,43.86222222,TORONTO BUTTONVILLE A,615HMAK,615HMAK.2014.9.27,2014-09-27 0:00,ON,2014,9,27,18.1,,10.1,,26,,0,,0,,0,,0,,0,,0,,0.1,,0,,43,,99,
-79.37,43.86222222,TORONTO BUTTONVILLE A,615HMAK,615HMAK.2014.9.28,2014-09-28 0:00,ON,2014,9,28,18.5,,10.5,,26.4,,0,,0,,0,,0,,0,,0,,0.5,,0,,45,,97,
-79.37,43.86222222,TORONTO BUTTONVILLE A,615HMAK,615HMAK.2014.9.29,2014-09-29 0:00,ON,2014,9,29,18.3,,11.4,,25.1,,0,,0,,0,,0,,0,,0,,0.3,,0,,53,,97,
-79.37,43.86222222,TORONTO BUTTONVILLE A,615HMAK,615HMAK.2014.9.30,2014-09-30 0:00,ON,2014,9,30,17.2,,14.8,,19.5,,0,,0,,0,,0,,0,,0,,0,,0.8,,79,,98,
-79.37,43.86222222,TORONTO BUTTONVILLE A,615HMAK,615HMAK.2014.10.1,2014-10-01 0:00,ON,2014,10,1,14.5,,13.1,,15.8,,0,T,0,T,0,,0,,0,,0,,0,,3.5,,86,,96,
-79.37,43.86222222,TORONTO BUTTONVILLE A,615HMAK,615HMAK.2014.10.2,2014-10-02 0:00,ON,2014,10,2,16.3,,14.2,,18.4,,0,T,0,T,0,,0,,0,,0,,0,,1.7,,84,,97,
-79.37,43.86222222,TORONTO BUTTONVILLE A,615HMAK,615HMAK.2014.10.3,2014-10-03 0:00,ON,2014,10,3,18.4,,14.2,,22.6,,22,,22,,0,,0,,18,E,37,E,0.4,,0,,69,,96,
-79.37,43.86222222,TORONTO BUTTONVILLE A,615HMAK,615HMAK.2014.10.4,2014-10-04 0:00,ON,2014,10,4,9.7,,4.9,,14.4,,3.4,,3.4,,0,,0,,26,E,44,E,0,,8.3,,50,,95,
-79.37,43.86222222,TORONTO BUTTONVILLE A,615HMAK,615HMAK.2014.10.5,2014-10-05 0:00,ON,2014,10,5,8.1,,2.9,,13.3,,0.6,,0.6,,0,,0,,23,E,32,E,0,,9.9,,48,,87,
-79.37,43.86222222,TORONTO BUTTONVILLE A,615HMAK,615HMAK.2014.10.6,2014-10-06 0:00,ON,2014,10,6,12.8,,8.8,,16.8,,5.4,,5.4,,0,,0,,17,E,33,E,0,,5.2,,63,,92,
-79.37,43.86222222,TORONTO BUTTONVILLE A,615HMAK,615HMAK.2014.10.7,2014-10-07 0:00,ON,2014,10,7,13.7,,9.6,,17.8,,7,,7,,0,,0,,19,E,37,E,0,,4.3,,56,,99,
-79.37,43.86222222,TORONTO BUTTONVILLE A,615HMAK,615HMAK.2014.10.8,2014-10-08 0:00,ON,2014,10,8,9.6,,5.2,,14,,0.4,,0.4,,0,,0,,26,E,59,E,0,,8.4,,45,,97,
-79.37,43.86222222,TORONTO BUTTONVILLE A,615HMAK,615HMAK.2014.10.9,2014-10-09 0:00,ON,2014,10,9,9.2,,4.3,,14.1,,0,,0,,0,,0,,27,E,48,E,0,,8.8,,47,,85,
-79.37,43.86222222,TORONTO BUTTONVILLE A,615HMAK,615HMAK.2014.10.10,2014-10-10 0:00,ON,2014,10,10,8,,2.3,,13.7,,0,,0,,0,,0,,0,,0,,0,,10,,46,,97,
-79.37,43.86222222,TORONTO BUTTONVILLE A,615HMAK,615HMAK.2014.10.11,2014-10-11 0:00,ON,2014,10,11,7.1,,0.6,,13.5,,0,,0,,0,,0,,0,,0,,0,,10.9,,43,,99,
-79.37,43.86222222,TORONTO BUTTONVILLE A,615HMAK,615HMAK.2014.10.12,2014-10-12 0:00,ON,2014,10,12,6.1,,-0.7,,12.9,,0,,0,,0,,0,,0,,0,,0,,11.9,,46,,99,
-79.37,43.86222222,TORONTO BUTTONVILLE A,615HMAK,615HMAK.2014.10.13,2014-10-13 0:00,ON,2014,10,13,8.6,,2.9,,14.3,,0,T,0,T,0,,0,,0,,0,,0,,9.4,,88,,99,
-79.37,43.86222222,TORONTO BUTTONVILLE A,615HMAK,615HMAK.2014.10.14,2014-10-14 0:00,ON,2014,10,14,17.8,,12.4,,23.2,,1,,1,,0,,0,,0,,0,,0,,0.2,,67,,99,
-79.37,43.86222222,TORONTO BUTTONVILLE A,615HMAK,615HMAK.2014.10.15,2014-10-15 0:00,ON,2014,10,15,15.4,,12.5,,18.3,,5.3,,5.3,,0,,0,,0,,0,,0,,2.6,,79,,99,
-79.37,43.86222222,TORONTO BUTTONVILLE A,615HMAK,615HMAK.2014.10.16,2014-10-16 0:00,ON,2014,10,16,16.2,,11.8,,20.5,,20.4,,20.4,,0,,0,,0,,0,,0,,1.8,,66,,96,
-79.37,43.86222222,TORONTO BUTTONVILLE A,615HMAK,615HMAK.2014.10.17,2014-10-17 0:00,ON,2014,10,17,14.1,,11.3,,16.9,,0.5,,0.5,,0,,0,,21,E,33,E,0,,3.9,,65,,97,
-79.37,43.86222222,TORONTO BUTTONVILLE A,615HMAK,615HMAK.2014.10.18,2014-10-18 0:00,ON,2014,10,18,8,,3.1,,12.8,,0,T,0,T,0,,0,,35,E,44,E,0,,10,,61,,90,
-79.37,43.86222222,TORONTO BUTTONVILLE A,615HMAK,615HMAK.2014.10.19,2014-10-19 0:00,ON,2014,10,19,5.6,,2.1,,9.1,,0,,0,,0,,0,,0,,0,,0,,12.4,,47,,90,
-79.37,43.86222222,TORONTO BUTTONVILLE A,615HMAK,615HMAK.2014.10.20,2014-10-20 0:00,ON,2014,10,20,7.5,,4.5,,10.5,,10,,10,,0,,0,,0,,0,,0,,10.5,,78,,100,
-79.37,43.86222222,TORONTO BUTTONVILLE A,615HMAK,615HMAK.2014.10.21,2014-10-21 0:00,ON,2014,10,21,8.3,,5.3,,11.2,,2.8,,2.8,,0,,0,,2,E,37,E,0,,9.7,,77,,99,
-79.37,43.86222222,TORONTO BUTTONVILLE A,615HMAK,615HMAK.2014.10.22,2014-10-22 0:00,ON,2014,10,22,8.2,,3.2,,13.2,,0,,0,,0,,0,,0,,0,,0,,9.8,,56,,88,
-79.37,43.86222222,TORONTO BUTTONVILLE A,615HMAK,615HMAK.2014.10.23,2014-10-23 0:00,ON,2014,10,23,10.8,,5.4,,16.1,,0,,0,,0,,0,,0,,0,,0,,7.2,,49,,90,
-79.37,43.86222222,TORONTO BUTTONVILLE A,615HMAK,615HMAK.2014.10.24,2014-10-24 0:00,ON,2014,10,24,9.6,,3.4,,15.8,,0,,0,,0,,0,,0,,0,,0,,8.4,,42,,97,
-79.37,43.86222222,TORONTO BUTTONVILLE A,615HMAK,615HMAK.2014.10.25,2014-10-25 0:00,ON,2014,10,25,12.5,,8.1,,16.8,,0,T,0,T,0,,0,,31,E,44,E,0,,5.5,,48,,89,
-79.37,43.86222222,TORONTO BUTTONVILLE A,615HMAK,615HMAK.2014.10.26,2014-10-26 0:00,ON,2014,10,26,7.9,,3.5,,12.3,,0,,0,,0,,0,,32,E,46,E,0,,10.1,,57,,91,
-79.37,43.86222222,TORONTO BUTTONVILLE A,615HMAK,615HMAK.2014.10.27,2014-10-27 0:00,ON,2014,10,27,5.5,,0.2,,10.8,,0.4,,0.4,,0,,0,,0,,0,,0,,12.5,,62,,99,
-79.37,43.86222222,TORONTO BUTTONVILLE A,615HMAK,615HMAK.2014.10.28,2014-10-28 0:00,ON,2014,10,28,14.5,,8.6,,20.4,,2.2,,2.2,,0,,0,,25,E,59,E,0,,3.5,,66,,96,
-79.37,43.86222222,TORONTO BUTTONVILLE A,615HMAK,615HMAK.2014.10.29,2014-10-29 0:00,ON,2014,10,29,8.4,,5,,11.8,,0,T,0,T,0,,0,,30,E,39,E,0,,9.6,,58,,85,
-79.37,43.86222222,TORONTO BUTTONVILLE A,615HMAK,615HMAK.2014.10.30,2014-10-30 0:00,ON,2014,10,30,6.3,,3.6,,8.9,,0,,0,,0,,0,,0,,0,,0,,11.7,,58,,93,
-79.37,43.86222222,TORONTO BUTTONVILLE A,615HMAK,615HMAK.2014.10.31,2014-10-31 0:00,ON,2014,10,31,3.3,,0.7,,5.8,,12.5,,12.5,,0,T,0,,0,,0,,0,,14.7,,91,,98,
-79.37,43.86222222,TORONTO BUTTONVILLE A,615HMAK,615HMAK.2014.11.1,2014-11-01 0:00,ON,2014,11,1,1.2,,-1.1,,3.5,,1,,0,,2,,0,T,1,E,37,E,0,,16.8,,70,,94,
-79.37,43.86222222,TORONTO BUTTONVILLE A,615HMAK,615HMAK.2014.11.2,2014-11-02 0:00,ON,2014,11,2,2.3,,-2.5,,7,,0,,0,,0,,0,,36,E,32,E,0,,15.7,,41,,81,
-79.37,43.86222222,TORONTO BUTTONVILLE A,615HMAK,615HMAK.2014.11.3,2014-11-03 0:00,ON,2014,11,3,8,,2.5,,13.5,,0,,0,,0,,0,,0,,0,,0,,10,,30,,73,
-79.37,43.86222222,TORONTO BUTTONVILLE A,615HMAK,615HMAK.2014.11.4,2014-11-04 0:00,ON,2014,11,4,11.3,,8.6,,13.9,,6.6,,6.6,,0,,0,,23,E,39,E,0,,6.7,,54,,96,
-79.37,43.86222222,TORONTO BUTTONVILLE A,615HMAK,615HMAK.2014.11.5,2014-11-05 0:00,ON,2014,11,5,6.7,,2.6,,10.7,,0,,0,,0,,0,,26,E,35,E,0,,11.3,,57,,92,
-79.37,43.86222222,TORONTO BUTTONVILLE A,615HMAK,615HMAK.2014.11.6,2014-11-06 0:00,ON,2014,11,6,5.9,,2.7,,9.1,,2.9,,2.9,,0,,0,,34,E,33,E,0,,12.1,,82,,98,
-79.37,43.86222222,TORONTO BUTTONVILLE A,615HMAK,615HMAK.2014.11.7,2014-11-07 0:00,ON,2014,11,7,0.6,,-2.8,,3.9,,0.8,,0.8,,0,T,0,,34,E,37,E,0,,17.4,,55,,92,
-79.37,43.86222222,TORONTO BUTTONVILLE A,615HMAK,615HMAK.2014.11.8,2014-11-08 0:00,ON,2014,11,8,1.4,,-3.1,,5.8,,3,,3,,0,,0,,19,E,37,E,0,,16.6,,75,,89,
-79.37,43.86222222,TORONTO BUTTONVILLE A,615HMAK,615HMAK.2014.11.9,2014-11-09 0:00,ON,2014,11,9,4.2,,1.6,,6.8,,0,T,0,T,0,,0,,0,,0,,0,,13.8,,58,,77,
-79.37,43.86222222,TORONTO BUTTONVILLE A,615HMAK,615HMAK.2014.11.10,2014-11-10 0:00,ON,2014,11,10,5.3,,2.5,,8.1,,0.4,,0.4,,0,,0,,0,,0,,0,,12.7,,63,,96,
-79.37,43.86222222,TORONTO BUTTONVILLE A,615HMAK,615HMAK.2014.11.11,2014-11-11 0:00,ON,2014,11,11,8.1,,0.1,,16,,1.2,,1.2,,0,,0,,20,E,37,E,0,,9.9,,49,,99,
-79.37,43.86222222,TORONTO BUTTONVILLE A,615HMAK,615HMAK.2014.11.12,2014-11-12 0:00,ON,2014,11,12,4.8,,0.6,,8.9,,0,,0,,0,,0,,28,E,46,E,0,,13.2,,48,,80,
-79.37,43.86222222,TORONTO BUTTONVILLE A,615HMAK,615HMAK.2014.11.13,2014-11-13 0:00,ON,2014,11,13,-0.7,,-3.4,,2,,0.3,,0,,0.3,,0,,0,,0,,0,,18.7,,65,,81,
-79.37,43.86222222,TORONTO BUTTONVILLE A,615HMAK,615HMAK.2014.11.14,2014-11-14 0:00,ON,2014,11,14,-1.2,,-4.3,,1.9,,0,T,0,,0,T,0,,0,,0,,0,,19.2,,53,,82,
-79.37,43.86222222,TORONTO BUTTONVILLE A,615HMAK,615HMAK.2014.11.15,2014-11-15 0:00,ON,2014,11,15,-1.8,,-6.3,,2.8,,0,T,0,,0,T,0,,0,,0,,0,,19.8,,45,,88,
-79.37,43.86222222,TORONTO BUTTONVILLE A,615HMAK,615HMAK.2014.11.16,2014-11-16 0:00,ON,2014,11,16,-0.7,,-1.6,,0.3,,1.4,,0,,1.9,,0,,0,,0,,0,,18.7,,60,,96,
-79.37,43.86222222,TORONTO BUTTONVILLE A,615HMAK,615HMAK.2014.11.17,2014-11-17 0:00,ON,2014,11,17,-2.5,,-6.3,,1.4,,7.6,,0,,8.4,,5,,27,E,48,E,0,,20.5,,61,,98,
-79.37,43.86222222,TORONTO BUTTONVILLE A,615HMAK,615HMAK.2014.11.18,2014-11-18 0:00,ON,2014,11,18,-6.7,,-8.9,,-4.4,,0,T,0,,0,T,7,,24,E,59,E,0,,24.7,,58,,74,
-79.37,43.86222222,TORONTO BUTTONVILLE A,615HMAK,615HMAK.2014.11.19,2014-11-19 0:00,ON,2014,11,19,-5.5,,-9.6,,-1.4,,4.6,,0,,4.6,,5,,25,E,44,E,0,,23.5,,55,,94,
-79.37,43.86222222,TORONTO BUTTONVILLE A,615HMAK,615HMAK.2014.11.20,2014-11-20 0:00,ON,2014,11,20,-5.3,,-7.9,,-2.7,,0,T,0,,0,T,10,,26,E,52,E,0,,23.3,,47,,77,
-79.37,43.86222222,TORONTO BUTTONVILLE A,615HMAK,615HMAK.2014.11.21,2014-11-21 0:00,ON,2014,11,21,-5.4,,-9.2,,-1.6,,0,T,0,,0,T,9,,27,E,33,E,0,,23.4,,47,,86,
-79.37,43.86222222,TORONTO BUTTONVILLE A,615HMAK,615HMAK.2014.11.22,2014-11-22 0:00,ON,2014,11,22,0.4,,-5.3,,6,,0.8,,0.8,,0,,7,,22,E,33,E,0,,17.6,,67,,99,
-79.37,43.86222222,TORONTO BUTTONVILLE A,615HMAK,615HMAK.2014.11.23,2014-11-23 0:00,ON,2014,11,23,6.2,,3.7,,8.7,,1.6,,1.6,,0,,0,T,0,,0,,0,,11.8,,78,,99,
-79.37,43.86222222,TORONTO BUTTONVILLE A,615HMAK,615HMAK.2014.11.24,2014-11-24 0:00,ON,2014,11,24,9.9,,3.7,,16,,17.2,,17.2,,0,,0,,23,E,80,E,0,,8.1,,58,,99,
-79.37,43.86222222,TORONTO BUTTONVILLE A,615HMAK,615HMAK.2014.11.25,2014-11-25 0:00,ON,2014,11,25,1.8,,-0.2,,3.8,,0,T,0,T,0,T,0,,23,E,48,E,0,,16.2,,63,,86,
-79.37,43.86222222,TORONTO BUTTONVILLE A,615HMAK,615HMAK.2014.11.26,2014-11-26 0:00,ON,2014,11,26,0.1,,-1,,1.2,,0,,0,,0,,0,,0,,0,,0,,17.9,,60,,83,
-79.37,43.86222222,TORONTO BUTTONVILLE A,615HMAK,615HMAK.2014.11.27,2014-11-27 0:00,ON,2014,11,27,-1.6,,-4.6,,1.5,,0.2,,0,,0.6,,0,,0,,0,,0,,19.6,,58,,89,
-79.37,43.86222222,TORONTO BUTTONVILLE A,615HMAK,615HMAK.2014.11.28,2014-11-28 0:00,ON,2014,11,28,-5.3,,-7.4,,-3.2,,0.2,,0,,0.5,,0,T,0,,0,,0,,23.3,,54,,75,
-79.37,43.86222222,TORONTO BUTTONVILLE A,615HMAK,615HMAK.2014.11.29,2014-11-29 0:00,ON,2014,11,29,1.7,,-4.5,,7.9,,0,,0,,0,,0,,21,E,33,E,0,,16.3,,62,,84,
-79.37,43.86222222,TORONTO BUTTONVILLE A,615HMAK,615HMAK.2014.11.30,2014-11-30 0:00,ON,2014,11,30,8.5,,2.9,,14,,0.8,,0.8,,0,,0,,33,E,41,E,0,,9.5,,75,,93,
-79.37,43.86222222,TORONTO BUTTONVILLE A,615HMAK,615HMAK.2014.12.1,2014-12-01 0:00,ON,2014,12,1,-2.5,,-8,,3,,0,T,0,,0,T,0,,31,E,48,E,0,,20.5,,45,,78,
-79.37,43.86222222,TORONTO BUTTONVILLE A,615HMAK,615HMAK.2014.12.2,2014-12-02 0:00,ON,2014,12,2,-5.5,,-11.8,,0.9,,1.2,,0,T,1.4,,0,,10,E,33,E,0,,23.5,,58,,99,
-79.37,43.86222222,TORONTO BUTTONVILLE A,615HMAK,615HMAK.2014.12.3,2014-12-03 0:00,ON,2014,12,3,0.2,,-1.7,,2.1,,0.2,,0,T,0.3,,1,,27,E,37,E,0,,17.8,,53,,98,
-79.37,43.86222222,TORONTO BUTTONVILLE A,615HMAK,615HMAK.2014.12.4,2014-12-04 0:00,ON,2014,12,4,-3,,-5.2,,-0.8,,0,T,0,,0,T,0,,0,,0,,0,,21,,56,,70,
-79.37,43.86222222,TORONTO BUTTONVILLE A,615HMAK,615HMAK.2014.12.5,2014-12-05 0:00,ON,2014,12,5,-0.9,,-4.3,,2.6,,0,,0,,0,,0,,0,,0,,0,,18.9,,69,,82,
-79.37,43.86222222,TORONTO BUTTONVILLE A,615HMAK,615HMAK.2014.12.6,2014-12-06 0:00,ON,2014,12,6,1.1,,-2.8,,5,,0,,0,,0,,0,,35,E,33,E,0,,16.9,,54,,87,
-79.37,43.86222222,TORONTO BUTTONVILLE A,615HMAK,615HMAK.2014.12.7,2014-12-07 0:00,ON,2014,12,7,-4,,-7.7,,-0.3,,0,,0,,0,,0,,0,,0,,0,,22,,37,,71,
-79.37,43.86222222,TORONTO BUTTONVILLE A,615HMAK,615HMAK.2014.12.8,2014-12-08 0:00,ON,2014,12,8,-1.6,,-5.8,,2.6,,0,,0,,0,,0,,13,E,35,E,0,,19.6,,46,,87,
-79.37,43.86222222,TORONTO BUTTONVILLE A,615HMAK,615HMAK.2014.12.9,2014-12-09 0:00,ON,2014,12,9,1.7,,-0.1,,3.4,,0,T,0,T,0,T,0,,0,,0,,0,,16.3,,81,,98,
-79.37,43.86222222,TORONTO BUTTONVILLE A,615HMAK,615HMAK.2014.12.10,2014-12-10 0:00,ON,2014,12,10,-3,,-6,,0,,0,T,0,,0,T,0,,35,E,54,E,0,,21,,63,,87,
-79.37,43.86222222,TORONTO BUTTONVILLE A,615HMAK,615HMAK.2014.12.11,2014-12-11 0:00,ON,2014,12,11,-5.2,,-6.5,,-3.8,,18.4,,0,,22,,10,,33,E,37,E,0,,23.2,,77,,91,
-79.37,43.86222222,TORONTO BUTTONVILLE A,615HMAK,615HMAK.2014.12.12,2014-12-12 0:00,ON,2014,12,12,-1.4,,-4.6,,1.9,,0,T,0,,0,T,22,,34,E,33,E,0,,19.4,,65,,96,
-79.37,43.86222222,TORONTO BUTTONVILLE A,615HMAK,615HMAK.2014.12.13,2014-12-13 0:00,ON,2014,12,13,1.6,,0.8,,2.4,,0,T,0,T,0,,19,,0,,0,,0,,16.4,,83,,96,
-79.37,43.86222222,TORONTO BUTTONVILLE A,615HMAK,615HMAK.2014.12.14,2014-12-14 0:00,ON,2014,12,14,2.2,,1.3,,3.1,,1.2,,1,,0.2,,9,,0,,0,,0,,15.8,,92,,98,
-79.37,43.86222222,TORONTO BUTTONVILLE A,615HMAK,615HMAK.2014.12.15,2014-12-15 0:00,ON,2014,12,15,2.4,,1.3,,3.5,,0,T,0,T,0,,6,,0,,0,,0,,15.6,,92,,100,
-79.37,43.86222222,TORONTO BUTTONVILLE A,615HMAK,615HMAK.2014.12.16,2014-12-16 0:00,ON,2014,12,16,2.6,,1.4,,3.7,,3,,3,,0,,0,T,11,E,33,E,0,,15.4,,99,,100,
-79.37,43.86222222,TORONTO BUTTONVILLE A,615HMAK,615HMAK.2014.12.17,2014-12-17 0:00,ON,2014,12,17,1.6,,-1.3,,4.4,,3.1,,2.4,,0.9,,0,T,26,E,32,E,0,,16.4,,89,,100,
-79.37,43.86222222,TORONTO BUTTONVILLE A,615HMAK,615HMAK.2014.12.18,2014-12-18 0:00,ON,2014,12,18,-3.2,,-5.7,,-0.7,,0,T,0,,0,T,1,,32,E,35,E,0,,21.2,,76,,85,
-79.37,43.86222222,TORONTO BUTTONVILLE A,615HMAK,615HMAK.2014.12.19,2014-12-19 0:00,ON,2014,12,19,-4,,-6.7,,-1.3,,0,,0,,0,,1,,0,,0,,0,,22,,67,,86,
-79.37,43.86222222,TORONTO BUTTONVILLE A,615HMAK,615HMAK.2014.12.20,2014-12-20 0:00,ON,2014,12,20,-3.6,,-8.7,,1.5,,0,,0,,0,,1,,0,,0,,0,,21.6,,51,,91,
-79.37,43.86222222,TORONTO BUTTONVILLE A,615HMAK,615HMAK.2014.12.21,2014-12-21 0:00,ON,2014,12,21,-0.1,,-2.8,,2.6,,0,,0,,0,,0,T,0,,0,,0,,18.1,,54,,88,
-79.37,43.86222222,TORONTO BUTTONVILLE A,615HMAK,615HMAK.2014.12.22,2014-12-22 0:00,ON,2014,12,22,-0.3,,-1.5,,1,,0,,0,,0,,0,,15,E,32,E,0,,18.3,,67,,92,
-79.37,43.86222222,TORONTO BUTTONVILLE A,615HMAK,615HMAK.2014.12.23,2014-12-23 0:00,ON,2014,12,23,2.3,,-1.2,,5.7,,0,T,0,T,0,,0,,0,,0,,0,,15.7,,90,,100,
-79.37,43.86222222,TORONTO BUTTONVILLE A,615HMAK,615HMAK.2014.12.24,2014-12-24 0:00,ON,2014,12,24,8.1,,5.5,,10.7,,9.8,,9.8,,0,,0,,19,E,59,E,0,,9.9,,85,,100,
-79.37,43.86222222,TORONTO BUTTONVILLE A,615HMAK,615HMAK.2014.12.25,2014-12-25 0:00,ON,2014,12,25,4.4,,3,,5.8,,0.3,,0.3,,0,,0,,23,E,61,E,0,,13.6,,60,,83,
-79.37,43.86222222,TORONTO BUTTONVILLE A,615HMAK,615HMAK.2014.12.26,2014-12-26 0:00,ON,2014,12,26,2.9,,-0.5,,6.3,,0,,0,,0,,0,,0,,0,,0,,15.1,,69,,96,
-79.37,43.86222222,TORONTO BUTTONVILLE A,615HMAK,615HMAK.2014.12.27,2014-12-27 0:00,ON,2014,12,27,5.3,,0.6,,9.9,,0.4,,0.4,,0,,0,,26,E,46,E,0,,12.7,,69,,96,
-79.37,43.86222222,TORONTO BUTTONVILLE A,615HMAK,615HMAK.2014.12.28,2014-12-28 0:00,ON,2014,12,28,2.5,,-0.8,,5.8,,0,,0,,0,,0,,32,E,41,E,0,,15.5,,51,,78,
-79.37,43.86222222,TORONTO BUTTONVILLE A,615HMAK,615HMAK.2014.12.29,2014-12-29 0:00,ON,2014,12,29,-3.2,,-6.6,,0.2,,0,T,0,,0,T,0,,32,E,32,E,0,,21.2,,48,,84,
-79.37,43.86222222,TORONTO BUTTONVILLE A,615HMAK,615HMAK.2014.12.30,2014-12-30 0:00,ON,2014,12,30,-6.7,,-9.1,,-4.2,,0.2,,0,,0.2,,0,T,28,E,32,E,0,,24.7,,56,,84,
-79.37,43.86222222,TORONTO BUTTONVILLE A,615HMAK,615HMAK.2014.12.31,2014-12-31 0:00,ON,2014,12,31,-7.8,,-9.8,,-5.7,,0,T,0,,0,T,0,T,26,E,39,E,0,,25.8,,51,,75,
-79.37,43.86222222,TORONTO BUTTONVILLE A,615HMAK,615HMAK.2015.1.1,2015-01-01 0:00,ON,2015,1,1,-5.2,,-8.3,,-2,,1.2,,0,,1.6,,0,T,24,E,46,E,0,,23.2,,52,,89,
-79.37,43.86222222,TORONTO BUTTONVILLE A,615HMAK,615HMAK.2015.1.2,2015-01-02 0:00,ON,2015,1,2,-5.6,,-9.2,,-1.9,,0.4,,0,,0.6,,2,,27,E,32,E,0,,23.6,,49,,84,
-79.37,43.86222222,TORONTO BUTTONVILLE A,615HMAK,615HMAK.2015.1.3,2015-01-03 0:00,ON,2015,1,3,-3.9,,-9,,1.2,,6.8,,4.4,,3,,1,,11,E,35,E,0,,21.9,,75,,100,
-79.37,43.86222222,TORONTO BUTTONVILLE A,615HMAK,615HMAK.2015.1.4,2015-01-04 0:00,ON,2015,1,4,-0.9,,-5.8,,4,,6.6,,6.4,,0.2,,2,,26,E,46,E,0,,18.9,,67,,100,
-79.37,43.86222222,TORONTO BUTTONVILLE A,615HMAK,615HMAK.2015.1.5,2015-01-05 0:00,ON,2015,1,5,-9.7,,-13.5,,-5.8,,0,T,0,,0,T,0,T,28,E,54,E,0,,27.7,,46,,77,
-79.37,43.86222222,TORONTO BUTTONVILLE A,615HMAK,615HMAK.2015.1.6,2015-01-06 0:00,ON,2015,1,6,-10.7,,-13.3,,-8,,0,T,0,,0,T,0,T,27,E,33,E,0,,28.7,,55,,77,
-79.37,43.86222222,TORONTO BUTTONVILLE A,615HMAK,615HMAK.2015.1.7,2015-01-07 0:00,ON,2015,1,7,-15.5,,-21.4,,-9.5,,0.2,,0,,0.2,,0,T,33,E,46,E,0,,33.5,,41,,75,
-79.37,43.86222222,TORONTO BUTTONVILLE A,615HMAK,615HMAK.2015.1.8,2015-01-08 0:00,ON,2015,1,8,-13,,-16.3,,-9.6,,0.7,,0,,1.6,,0,T,24,E,48,E,0,,31,,46,,87,
-79.37,43.86222222,TORONTO BUTTONVILLE A,615HMAK,615HMAK.2015.1.9,2015-01-09 0:00,ON,2015,1,9,-9.5,,-13.5,,-5.4,,1.1,,0,,2.4,,2,,27,E,57,E,0,,27.5,,43,,86,
-79.37,43.86222222,TORONTO BUTTONVILLE A,615HMAK,615HMAK.2015.1.10,2015-01-10 0:00,ON,2015,1,10,-12.6,,-15.7,,-9.5,,0,,0,,0,,4,,25,E,44,E,0,,30.6,,58,,77,
-79.37,43.86222222,TORONTO BUTTONVILLE A,615HMAK,615HMAK.2015.1.11,2015-01-11 0:00,ON,2015,1,11,-6.7,,-12.5,,-0.8,,0.4,,0,,0.4,,3,,26,E,33,E,0,,24.7,,52,,90,
-79.37,43.86222222,TORONTO BUTTONVILLE A,615HMAK,615HMAK.2015.1.12,2015-01-12 0:00,ON,2015,1,12,-9.4,,-17.9,,-0.9,,1.4,,0,,3,,5,,35,E,41,E,0,,27.4,,54,,94,
-79.37,43.86222222,TORONTO BUTTONVILLE A,615HMAK,615HMAK.2015.1.13,2015-01-13 0:00,ON,2015,1,13,-16.2,,-21.5,,-10.9,,0,T,0,,0,T,5,,0,,0,,0,,34.2,,30,,74,
-79.37,43.86222222,TORONTO BUTTONVILLE A,615HMAK,615HMAK.2015.1.14,2015-01-14 0:00,ON,2015,1,14,-9.8,,-15.6,,-3.9,,0,,0,,0,,5,,0,,0,,0,,27.8,,46,,91,
-79.37,43.86222222,TORONTO BUTTONVILLE A,615HMAK,615HMAK.2015.1.15,2015-01-15 0:00,ON,2015,1,15,-8.2,,-13.5,,-2.9,,0,T,0,,0,T,4,,22,E,37,E,0,,26.2,,58,,84,
-79.37,43.86222222,TORONTO BUTTONVILLE A,615HMAK,615HMAK.2015.1.16,2015-01-16 0:00,ON,2015,1,16,-9.9,,-16.9,,-2.8,,0.4,,0,,0.8,,4,,32,E,54,E,0,,27.9,,54,,87,
-79.37,43.86222222,TORONTO BUTTONVILLE A,615HMAK,615HMAK.2015.1.17,2015-01-17 0:00,ON,2015,1,17,-7.2,,-18.5,,4.1,,0.2,,0,,0.4,,4,,15,E,35,E,0,,25.2,,55,,94,
-79.37,43.86222222,TORONTO BUTTONVILLE A,615HMAK,615HMAK.2015.1.18,2015-01-18 0:00,ON,2015,1,18,2.1,,-0.7,,4.8,,2,,2,,0.2,,3,,20,E,35,E,0,,15.9,,72,,99,
-79.37,43.86222222,TORONTO BUTTONVILLE A,615HMAK,615HMAK.2015.1.19,2015-01-19 0:00,ON,2015,1,19,-5.5,,-10.8,,-0.1,,0,,0,,0,,0,T,32,E,35,E,0,,23.5,,65,,86,
-79.37,43.86222222,TORONTO BUTTONVILLE A,615HMAK,615HMAK.2015.1.20,2015-01-20 0:00,ON,2015,1,20,-10.7,,-14.3,,-7.1,,0,,0,,0,,0,T,0,,0,,0,,28.7,,44,,83,
-79.37,43.86222222,TORONTO BUTTONVILLE A,615HMAK,615HMAK.2015.1.21,2015-01-21 0:00,ON,2015,1,21,-9.9,,-15.8,,-3.9,,0,,0,,0,,0,T,0,,0,,0,,27.9,,70,,88,
-79.37,43.86222222,TORONTO BUTTONVILLE A,615HMAK,615HMAK.2015.1.22,2015-01-22 0:00,ON,2015,1,22,-6.5,,-12.2,,-0.8,,0,,0,,0,,0,T,0,,0,,0,,24.5,,58,,94,
-79.37,43.86222222,TORONTO BUTTONVILLE A,615HMAK,615HMAK.2015.1.23,2015-01-23 0:00,ON,2015,1,23,-1.9,,-5.5,,1.8,,0,,0,,0,,0,T,24,E,46,E,0,,19.9,,56,,89,
-79.37,43.86222222,TORONTO BUTTONVILLE A,615HMAK,615HMAK.2015.1.24,2015-01-24 0:00,ON,2015,1,24,-2.9,,-6,,0.2,,0.4,,0.2,,0.4,,0,,32,E,46,E,0,,20.9,,71,,95,
-79.37,43.86222222,TORONTO BUTTONVILLE A,615HMAK,615HMAK.2015.1.25,2015-01-25 0:00,ON,2015,1,25,-9.1,,-13.9,,-4.3,,0,T,0,,0,T,0,T,32,E,46,E,0,,27.1,,35,,77,
-79.37,43.86222222,TORONTO BUTTONVILLE A,615HMAK,615HMAK.2015.1.26,2015-01-26 0:00,ON,2015,1,26,-12,,-15.9,,-8,,0,T,0,,0,T,0,T,0,,0,,0,,30,,35,,71,
-79.37,43.86222222,TORONTO BUTTONVILLE A,615HMAK,615HMAK.2015.1.27,2015-01-27 0:00,ON,2015,1,27,-9.8,,-12.8,,-6.7,,0.4,,0,,0.6,,1,,0,,0,,0,,27.8,,35,,76,
-79.37,43.86222222,TORONTO BUTTONVILLE A,615HMAK,615HMAK.2015.1.28,2015-01-28 0:00,ON,2015,1,28,-7.9,,-15.2,,-0.5,,0,,0,,0,,0,T,0,,0,,0,,25.9,,27,,70,
-79.37,43.86222222,TORONTO BUTTONVILLE A,615HMAK,615HMAK.2015.1.29,2015-01-29 0:00,ON,2015,1,29,-3.7,,-7.1,,-0.2,,8.2,,0.3,,8.1,,0,T,32,E,37,E,0,,21.7,,48,,99,
-79.37,43.86222222,TORONTO BUTTONVILLE A,615HMAK,615HMAK.2015.1.30,2015-01-30 0:00,ON,2015,1,30,-8.8,,-15.6,,-2,,0,T,0,,0,T,8,,34,E,61,E,0,,26.8,,53,,84,
-79.37,43.86222222,TORONTO BUTTONVILLE A,615HMAK,615HMAK.2015.1.31,2015-01-31 0:00,ON,2015,1,31,-11.7,,-20.3,,-3.1,,0,T,0,,0,T,6,,0,,0,,0,,29.7,,60,,85,
-79.37,43.86222222,TORONTO BUTTONVILLE A,615HMAK,615HMAK.2015.2.1,2015-02-01 0:00,ON,2015,2,1,-9.4,,-15.6,,-3.1,,6.4,,0,,7.4,,6,,5,E,33,E,0,,27.4,,46,,85,
-79.37,43.86222222,TORONTO BUTTONVILLE A,615HMAK,615HMAK.2015.2.2,2015-02-02 0:00,ON,2015,2,2,-14.1,,-16.3,,-11.9,,8.2,,0,,9.8,,20,,35,E,44,E,0,,32.1,,62,,79,
-79.37,43.86222222,TORONTO BUTTONVILLE A,615HMAK,615HMAK.2015.2.3,2015-02-03 0:00,ON,2015,2,3,-10.3,,-15.7,,-4.8,,0.2,,0,,0.2,,23,,25,E,33,E,0,,28.3,,57,,92,
-79.37,43.86222222,TORONTO BUTTONVILLE A,615HMAK,615HMAK.2015.2.4,2015-02-04 0:00,ON,2015,2,4,-5.9,,-9.9,,-1.8,,1.8,,0,,2.2,,18,,33,E,32,E,0,,23.9,,73,,93,
-79.37,43.86222222,TORONTO BUTTONVILLE A,615HMAK,615HMAK.2015.2.5,2015-02-05 0:00,ON,2015,2,5,-13,,-16,,-9.9,,0,T,0,,0,T,19,,0,,0,,0,,31,,42,,89,
-79.37,43.86222222,TORONTO BUTTONVILLE A,615HMAK,615HMAK.2015.2.6,2015-02-06 0:00,ON,2015,2,6,-8.2,,-12.8,,-3.6,,0.8,,0,,2,,19,,25,E,37,E,0,,26.2,,60,,86,
-79.37,43.86222222,TORONTO BUTTONVILLE A,615HMAK,615HMAK.2015.2.7,2015-02-07 0:00,ON,2015,2,7,-6.6,,-9.5,,-3.7,,7.7,,0,,8.2,,18,,0,,0,,0,,24.6,,76,,93,
-79.37,43.86222222,TORONTO BUTTONVILLE A,615HMAK,615HMAK.2015.2.8,2015-02-08 0:00,ON,2015,2,8,-11.7,,-13.9,,-9.4,,1.6,,0,,2,,24,,0,,0,,0,,29.7,,85,,92,
-79.37,43.86222222,TORONTO BUTTONVILLE A,615HMAK,615HMAK.2015.2.9,2015-02-09 0:00,ON,2015,2,9,-12.1,,-13.9,,-10.3,,0,T,0,,0,T,25,,0,,0,,0,,30.1,,77,,85,
-79.37,43.86222222,TORONTO BUTTONVILLE A,615HMAK,615HMAK.2015.2.10,2015-02-10 0:00,ON,2015,2,10,-8.1,,-12.3,,-3.9,,0,T,0,,0,T,25,,0,,0,,0,,26.1,,64,,92,
-79.37,43.86222222,TORONTO BUTTONVILLE A,615HMAK,615HMAK.2015.2.11,2015-02-11 0:00,ON,2015,2,11,-7.5,,-12.5,,-2.4,,1.2,,0,,1.7,,19,,32,E,35,E,0,,25.5,,74,,92,
-79.37,43.86222222,TORONTO BUTTONVILLE A,615HMAK,615HMAK.2015.2.12,2015-02-12 0:00,ON,2015,2,12,-11.8,,-20.2,,-3.4,,0.3,,0,,0.3,,21,,32,E,56,E,0,,29.8,,51,,84,
-79.37,43.86222222,TORONTO BUTTONVILLE A,615HMAK,615HMAK.2015.2.13,2015-02-13 0:00,ON,2015,2,13,-17.1,,-23.9,,-10.3,,0.5,,0,,0.7,,21,,22,E,33,E,0,,35.1,,50,,85,
-79.37,43.86222222,TORONTO BUTTONVILLE A,615HMAK,615HMAK.2015.2.14,2015-02-14 0:00,ON,2015,2,14,-14.4,,-21.4,,-7.3,,1.1,,0,,1.8,,23,,34,E,56,E,0,,32.4,,45,,90,
-79.37,43.86222222,TORONTO BUTTONVILLE A,615HMAK,615HMAK.2015.2.15,2015-02-15 0:00,ON,2015,2,15,-23.7,,-26.8,,-20.5,,0,T,0,,0,T,23,,34,E,54,E,0,,41.7,,44,,63,
-79.37,43.86222222,TORONTO BUTTONVILLE A,615HMAK,615HMAK.2015.2.16,2015-02-16 0:00,ON,2015,2,16,-19.1,,-25.3,,-12.9,,0,,0,,0,,22,,0,,0,,0,,37.1,,28,,58,
-79.37,43.86222222,TORONTO BUTTONVILLE A,615HMAK,615HMAK.2015.2.17,2015-02-17 0:00,ON,2015,2,17,-13.6,,-19.1,,-8,,0,,0,,0,,19,,0,,0,,0,,31.6,,23,,78,
-79.37,43.86222222,TORONTO BUTTONVILLE A,615HMAK,615HMAK.2015.2.18,2015-02-18 0:00,ON,2015,2,18,-12.5,,-17.5,,-7.5,,0.4,,0,,0.6,,18,,0,,0,,0,,30.5,,52,,83,
-79.37,43.86222222,TORONTO BUTTONVILLE A,615HMAK,615HMAK.2015.2.19,2015-02-19 0:00,ON,2015,2,19,-18.6,,-22.3,,-14.8,,0,,0,,0,,18,,32,E,50,E,0,,36.6,,40,,70,
-79.37,43.86222222,TORONTO BUTTONVILLE A,615HMAK,615HMAK.2015.2.20,2015-02-20 0:00,ON,2015,2,20,-18.3,,-23.1,,-13.5,,0,,0,,0,,18,,0,,0,,0,,36.3,,37,,63,
-79.37,43.86222222,TORONTO BUTTONVILLE A,615HMAK,615HMAK.2015.2.21,2015-02-21 0:00,ON,2015,2,21,-12.5,,-18,,-7,,6,,0,,9,,19,,0,,0,,0,,30.5,,51,,88,
-79.37,43.86222222,TORONTO BUTTONVILLE A,615HMAK,615HMAK.2015.2.22,2015-02-22 0:00,ON,2015,2,22,-12,,-19.8,,-4.1,,0.4,,0,,0.6,,27,,32,E,35,E,0,,30,,55,,92,
-79.37,43.86222222,TORONTO BUTTONVILLE A,615HMAK,615HMAK.2015.2.23,2015-02-23 0:00,ON,2015,2,23,-18.4,,-22,,-14.7,,0,T,0,,0,T,28,,0,,0,,0,,36.4,,43,,62,
-79.37,43.86222222,TORONTO BUTTONVILLE A,615HMAK,615HMAK.2015.2.24,2015-02-24 0:00,ON,2015,2,24,-14.6,,-20,,-9.1,,0.2,,0,,0.2,,28,,22,E,41,E,0,,32.6,,52,,85,
-79.37,43.86222222,TORONTO BUTTONVILLE A,615HMAK,615HMAK.2015.2.25,2015-02-25 0:00,ON,2015,2,25,-14.1,,-20.1,,-8,,0,,0,,0,,23,,32,E,46,E,0,,32.1,,43,,87,
-79.37,43.86222222,TORONTO BUTTONVILLE A,615HMAK,615HMAK.2015.2.26,2015-02-26 0:00,ON,2015,2,26,-15.6,,-21.1,,-10.1,,0,,0,,0,,24,,0,,0,,0,,33.6,,39,,77,
-79.37,43.86222222,TORONTO BUTTONVILLE A,615HMAK,615HMAK.2015.2.27,2015-02-27 0:00,ON,2015,2,27,-16.5,,-24.6,,-8.4,,0,,0,,0,,24,,0,,0,,0,,34.5,,46,,77,
-79.37,43.86222222,TORONTO BUTTONVILLE A,615HMAK,615HMAK.2015.2.28,2015-02-28 0:00,ON,2015,2,28,-12.6,,-21.2,,-4,,0,,0,,0,,23,,0,,0,,0,,30.6,,48,,74,
-79.37,43.86222222,TORONTO BUTTONVILLE A,615HMAK,615HMAK.2015.3.1,2015-03-01 0:00,ON,2015,3,1,-9.8,,-16.5,,-3.1,,0,T,0,,0,T,19,,0,,0,,0,,27.8,,63,,83,
-79.37,43.86222222,TORONTO BUTTONVILLE A,615HMAK,615HMAK.2015.3.2,2015-03-02 0:00,ON,2015,3,2,-9.4,,-16.3,,-2.4,,0.4,,0,,0.4,,17,,30,E,44,E,0,,27.4,,43,,90,
-79.37,43.86222222,TORONTO BUTTONVILLE A,615HMAK,615HMAK.2015.3.3,2015-03-03 0:00,ON,2015,3,3,-9.5,,-18.7,,-0.2,,3,,1.2,,2.4,,16,,13,E,32,E,0,,27.5,,63,,99,
-79.37,43.86222222,TORONTO BUTTONVILLE A,615HMAK,615HMAK.2015.3.4,2015-03-04 0:00,ON,2015,3,4,-5.8,,-12.1,,0.5,,0,T,0,,0,T,17,,33,E,44,E,0,,23.8,,54,,83,
-79.37,43.86222222,TORONTO BUTTONVILLE A,615HMAK,615HMAK.2015.3.5,2015-03-05 0:00,ON,2015,3,5,-13.4,,-16.7,,-10.1,,0,,0,,0,,16,,32,E,33,E,0,,31.4,,35,,73,
-79.37,43.86222222,TORONTO BUTTONVILLE A,615HMAK,615HMAK.2015.3.6,2015-03-06 0:00,ON,2015,3,6,-13.1,,-20.8,,-5.3,,0,,0,,0,,16,,23,E,37,E,0,,31.1,,42,,76,
-79.37,43.86222222,TORONTO BUTTONVILLE A,615HMAK,615HMAK.2015.3.7,2015-03-07 0:00,ON,2015,3,7,-4.9,,-8.8,,-1,,0.4,,0,,0.8,,16,,0,,0,,0,,22.9,,65,,91,
-79.37,43.86222222,TORONTO BUTTONVILLE A,615HMAK,615HMAK.2015.3.8,2015-03-08 0:00,ON,2015,3,8,-3,,-8.3,,2.3,,0,T,0,,0,T,18,,31,E,39,E,0,,21,,41,,94,
-79.37,43.86222222,TORONTO BUTTONVILLE A,615HMAK,615HMAK.2015.3.9,2015-03-09 0:00,ON,2015,3,9,2.1,,-2.4,,6.5,,0,,0,,0,,18,,0,,0,,0,,15.9,,44,,81,
-79.37,43.86222222,TORONTO BUTTONVILLE A,615HMAK,615HMAK.2015.3.10,2015-03-10 0:00,ON,2015,3,10,0.2,,-5.5,,5.8,,0,,0,,0,,14,,24,E,32,E,0,,17.8,,63,,99,
-79.37,43.86222222,TORONTO BUTTONVILLE A,615HMAK,615HMAK.2015.3.11,2015-03-11 0:00,ON,2015,3,11,4.8,,0.6,,9,,0,,0,,0,,11,,28,E,35,E,0,,13.2,,42,,98,
-79.37,43.86222222,TORONTO BUTTONVILLE A,615HMAK,615HMAK.2015.3.12,2015-03-12 0:00,ON,2015,3,12,0.2,,-3.4,,3.7,,0,,0,,0,,7,,0,,0,,0,,17.8,,25,,78,
-79.37,43.86222222,TORONTO BUTTONVILLE A,615HMAK,615HMAK.2015.3.13,2015-03-13 0:00,ON,2015,3,13,0.8,,-2.8,,4.4,,0,,0,,0,,3,,12,E,32,E,0,,17.2,,36,,76,
-79.37,43.86222222,TORONTO BUTTONVILLE A,615HMAK,615HMAK.2015.3.14,2015-03-14 0:00,ON,2015,3,14,2.8,,0.7,,4.9,,0.4,,0.4,,0,T,2,,32,E,33,E,0,,15.2,,72,,100,
-79.37,43.86222222,TORONTO BUTTONVILLE A,615HMAK,615HMAK.2015.3.15,2015-03-15 0:00,ON,2015,3,15,1.4,,-2,,4.7,,0,T,0,,0,T,1,,32,E,57,E,0,,16.6,,59,,86,
-79.37,43.86222222,TORONTO BUTTONVILLE A,615HMAK,615HMAK.2015.3.16,2015-03-16 0:00,ON,2015,3,16,4.7,,-0.8,,10.2,,2.2,,2.2,,0,,1,,0,,0,,0,,13.3,,59,,100,
-79.37,43.86222222,TORONTO BUTTONVILLE A,615HMAK,615HMAK.2015.3.17,2015-03-17 0:00,ON,2015,3,17,0.3,,-4.6,,5.1,,0.8,,0.6,,0.2,,0,,32,E,61,E,0,,17.7,,30,,99,
-79.37,43.86222222,TORONTO BUTTONVILLE A,615HMAK,615HMAK.2015.3.18,2015-03-18 0:00,ON,2015,3,18,-2.6,,-6.4,,1.2,,0,,0,,0,,0,,32,E,37,E,0,,20.6,,33,,62,
-79.37,43.86222222,TORONTO BUTTONVILLE A,615HMAK,615HMAK.2015.3.19,2015-03-19 0:00,ON,2015,3,19,-2.8,,-8.8,,3.3,,0,,0,,0,,0,,0,,0,,0,,20.8,,25,,76,
-79.37,43.86222222,TORONTO BUTTONVILLE A,615HMAK,615HMAK.2015.3.20,2015-03-20 0:00,ON,2015,3,20,3.2,,-2,,8.4,,0.4,,0.4,,0,,0,,0,,0,,0,,14.8,,33,,92,
-79.37,43.86222222,TORONTO BUTTONVILLE A,615HMAK,615HMAK.2015.3.21,2015-03-21 0:00,ON,2015,3,21,-0.4,,-6.1,,5.3,,4.8,,4.8,,0,T,0,,33,E,50,E,0,,18.4,,57,,98,
-79.37,43.86222222,TORONTO BUTTONVILLE A,615HMAK,615HMAK.2015.3.22,2015-03-22 0:00,ON,2015,3,22,-6.7,,-11,,-2.3,,0.2,,0,,0.4,,0,T,32,E,44,E,0,,24.7,,30,,81,
-79.37,43.86222222,TORONTO BUTTONVILLE A,615HMAK,615HMAK.2015.3.23,2015-03-23 0:00,ON,2015,3,23,-8,,-12.4,,-3.6,,0,,0,,0,,0,T,0,,0,,0,,26,,34,,67,
-79.37,43.86222222,TORONTO BUTTONVILLE A,615HMAK,615HMAK.2015.3.24,2015-03-24 0:00,ON,2015,3,24,-3.4,,-10.2,,3.5,,0,,0,,0,,0,,0,,0,,0,,21.4,,35,,78,
-79.37,43.86222222,TORONTO BUTTONVILLE A,615HMAK,615HMAK.2015.3.25,2015-03-25 0:00,ON,2015,3,25,0,,-6.1,,6.1,,3.5,,3.5,,0,,0,,12,E,35,E,0,,18,,62,,100,
-79.37,43.86222222,TORONTO BUTTONVILLE A,615HMAK,615HMAK.2015.3.26,2015-03-26 0:00,ON,2015,3,26,3.1,,0.7,,5.4,,0,T,0,T,0,,0,,0,,0,,0,,14.9,,69,,93,
-79.37,43.86222222,TORONTO BUTTONVILLE A,615HMAK,615HMAK.2015.3.27,2015-03-27 0:00,ON,2015,3,27,-3.8,,-8.7,,1.2,,0,T,0,,0,T,0,,36,E,39,E,0,,21.8,,53,,84,
-79.37,43.86222222,TORONTO BUTTONVILLE A,615HMAK,615HMAK.2015.3.28,2015-03-28 0:00,ON,2015,3,28,-6.8,,-11.6,,-2,,0,,0,,0,,0,,35,E,39,E,0,,24.8,,33,,66,
-79.37,43.86222222,TORONTO BUTTONVILLE A,615HMAK,615HMAK.2015.3.29,2015-03-29 0:00,ON,2015,3,29,-2,,-10.3,,6.3,,0,T,0,,0,T,0,,19,E,48,E,0,,20,,35,,83,
-79.37,43.86222222,TORONTO BUTTONVILLE A,615HMAK,615HMAK.2015.3.30,2015-03-30 0:00,ON,2015,3,30,2.4,,-2.1,,6.9,,0.4,,0.4,,0,T,0,,28,E,48,E,0,,15.6,,46,,93,
-79.37,43.86222222,TORONTO BUTTONVILLE A,615HMAK,615HMAK.2015.3.31,2015-03-31 0:00,ON,2015,3,31,1.5,,-3.9,,6.9,,0,,0,,0,,0,,0,,0,,0,,16.5,,41,,90,
-79.37,43.86222222,TORONTO BUTTONVILLE A,615HMAK,615HMAK.2015.4.1,2015-04-01 0:00,ON,2015,4,1,1.7,,-3.9,,7.2,,0,,0,,0,,0,,0,,0,,0,,16.3,,25,,67,
-79.37,43.86222222,TORONTO BUTTONVILLE A,615HMAK,615HMAK.2015.4.2,2015-04-02 0:00,ON,2015,4,2,8.3,,0.2,,16.4,,5.2,,5.2,,0,,0,,21,E,41,E,0,,9.7,,32,,99,
-79.37,43.86222222,TORONTO BUTTONVILLE A,615HMAK,615HMAK.2015.4.3,2015-04-03 0:00,ON,2015,4,3,8,,0.9,,15,,3.6,,3.6,,0,,0,,32,E,39,E,0,,10,,37,,100,
-79.37,43.86222222,TORONTO BUTTONVILLE A,615HMAK,615HMAK.2015.4.4,2015-04-04 0:00,ON,2015,4,4,2.2,,-1.4,,5.7,,0.8,,0,,1.8,,0,,29,E,39,E,0,,15.8,,39,,94,
-79.37,43.86222222,TORONTO BUTTONVILLE A,615HMAK,615HMAK.2015.4.5,2015-04-05 0:00,ON,2015,4,5,-0.1,,-3.8,,3.6,,0,T,0,,0,T,2,,0,,0,,0,,18.1,,56,,92,
-79.37,43.86222222,TORONTO BUTTONVILLE A,615HMAK,615HMAK.2015.4.6,2015-04-06 0:00,ON,2015,4,6,4.4,,-1.1,,9.8,,0,,0,,0,,0,,0,,0,,0,,13.6,,46,,90,
-79.37,43.86222222,TORONTO BUTTONVILLE A,615HMAK,615HMAK.2015.4.7,2015-04-07 0:00,ON,2015,4,7,4.8,,-0.2,,9.8,,0,T,0,,0,T,0,,0,,0,,0,,13.2,,32,,84,
-79.37,43.86222222,TORONTO BUTTONVILLE A,615HMAK,615HMAK.2015.4.8,2015-04-08 0:00,ON,2015,4,8,2,,0.9,,3,,12.4,,12.4,,0,,0,,,M,,M,0,,16,,31,,99,
-79.37,43.86222222,TORONTO BUTTONVILLE A,615HMAK,615HMAK.2015.4.9,2015-04-09 0:00,ON,2015,4,9,5.3,,0.9,,9.6,,14.9,,14.9,,0,,0,,,M,,M,0,,12.7,,99,,100,
-79.37,43.86222222,TORONTO BUTTONVILLE A,615HMAK,615HMAK.2015.4.10,2015-04-10 0:00,ON,2015,4,10,10.3,,3.4,,17.2,,1.6,,1.6,,0,,0,,27,E,61,E,0,,7.7,,57,,100,
-79.37,43.86222222,TORONTO BUTTONVILLE A,615HMAK,615HMAK.2015.4.11,2015-04-11 0:00,ON,2015,4,11,6.8,,2.1,,11.4,,0,,0,,0,,0,,32,E,44,E,0,,11.2,,36,,75,
-79.37,43.86222222,TORONTO BUTTONVILLE A,615HMAK,615HMAK.2015.4.12,2015-04-12 0:00,ON,2015,4,12,8.5,,-0.9,,17.8,,0,,0,,0,,0,,0,,0,,0,,9.5,,28,,93,
-79.37,43.86222222,TORONTO BUTTONVILLE A,615HMAK,615HMAK.2015.4.13,2015-04-13 0:00,ON,2015,4,13,12.6,,2.1,,23.1,,6,,6,,0,,0,,23,E,67,E,0,,5.4,,41,,88,
-79.37,43.86222222,TORONTO BUTTONVILLE A,615HMAK,615HMAK.2015.4.14,2015-04-14 0:00,ON,2015,4,14,9.1,,0.5,,17.7,,0,,0,,0,,0,,0,,0,,0,,8.9,,21,,98,
-79.37,43.86222222,TORONTO BUTTONVILLE A,615HMAK,615HMAK.2015.4.15,2015-04-15 0:00,ON,2015,4,15,9.1,,2.9,,15.3,,0,,0,,0,,0,,0,,0,,0,,8.9,,24,,65,
-79.37,43.86222222,TORONTO BUTTONVILLE A,615HMAK,615HMAK.2015.4.16,2015-04-16 0:00,ON,2015,4,16,9.3,,1.8,,16.7,,1.8,,1.8,,0,,0,,22,E,35,E,0,,8.7,,32,,97,
-79.37,43.86222222,TORONTO BUTTONVILLE A,615HMAK,615HMAK.2015.4.17,2015-04-17 0:00,ON,2015,4,17,14.3,,7,,21.6,,0,,0,,0,,0,,,M,,M,0,,3.7,,35,,99,
-79.37,43.86222222,TORONTO BUTTONVILLE A,615HMAK,615HMAK.2015.4.18,2015-04-18 0:00,ON,2015,4,18,11.5,,4.5,,18.4,,0,,0,,0,,0,,33,E,56,E,0,,6.5,,28,,91,
-79.37,43.86222222,TORONTO BUTTONVILLE A,615HMAK,615HMAK.2015.4.19,2015-04-19 0:00,ON,2015,4,19,8,,2.4,,13.5,,7,,7,,0,,0,,11,E,56,E,0,,10,,27,,95,
-79.37,43.86222222,TORONTO BUTTONVILLE A,615HMAK,615HMAK.2015.4.20,2015-04-20 0:00,ON,2015,4,20,9.9,,4.4,,15.3,,22.6,,22.6,,0,,0,,10,E,57,E,0,,8.1,,64,,100,
-79.37,43.86222222,TORONTO BUTTONVILLE A,615HMAK,615HMAK.2015.4.21,2015-04-21 0:00,ON,2015,4,21,6.7,,3.4,,10,,2.6,,2.6,,0,,0,,21,E,50,E,0,,11.3,,53,,92,
-79.37,43.86222222,TORONTO BUTTONVILLE A,615HMAK,615HMAK.2015.4.22,2015-04-22 0:00,ON,2015,4,22,3.9,,-0.3,,8.1,,1.8,,1.4,,0.4,,0,,,M,,M,0,,14.1,,64,,88,
-79.37,43.86222222,TORONTO BUTTONVILLE A,615HMAK,615HMAK.2015.4.23,2015-04-23 0:00,ON,2015,4,23,0.5,,-1.2,,2.2,,0,T,0,,0,T,0,,29,E,44,E,0,,17.5,,54,,81,
-79.37,43.86222222,TORONTO BUTTONVILLE A,615HMAK,615HMAK.2015.4.24,2015-04-24 0:00,ON,2015,4,24,2.5,,-1.9,,6.8,,0,T,0,,0,T,0,,29,E,43,E,0,,15.5,,41,,74,
-79.37,43.86222222,TORONTO BUTTONVILLE A,615HMAK,615HMAK.2015.4.25,2015-04-25 0:00,ON,2015,4,25,4.1,,-3,,11.1,,0,,0,,0,,0,,0,,0,,0,,13.9,,39,,84,
-79.37,43.86222222,TORONTO BUTTONVILLE A,615HMAK,615HMAK.2015.4.26,2015-04-26 0:00,ON,2015,4,26,7.4,,2.9,,11.8,,0,,0,,0,,0,,35,E,44,E,0,,10.6,,47,,76,
-79.37,43.86222222,TORONTO BUTTONVILLE A,615HMAK,615HMAK.2015.4.27,2015-04-27 0:00,ON,2015,4,27,8.5,,4.1,,12.8,,0,,0,,0,,0,,34,E,43,E,0,,9.5,,51,,81,
-79.37,43.86222222,TORONTO BUTTONVILLE A,615HMAK,615HMAK.2015.4.28,2015-04-28 0:00,ON,2015,4,28,11.4,,5.1,,17.7,,0,,0,,0,,0,,32,E,41,E,0,,6.6,,43,,80,
-79.37,43.86222222,TORONTO BUTTONVILLE A,615HMAK,615HMAK.2015.4.29,2015-04-29 0:00,ON,2015,4,29,14.1,,6.8,,21.4,,0,,0,,0,,0,,0,,0,,0,,3.9,,40,,73,
-79.37,43.86222222,TORONTO BUTTONVILLE A,615HMAK,615HMAK.2015.4.30,2015-04-30 0:00,ON,2015,4,30,11.9,,5.7,,18,,0,,0,,0,,0,,0,,0,,0,,6.1,,48,,81,
-79.37,43.86222222,TORONTO BUTTONVILLE A,615HMAK,615HMAK.2015.5.1,2015-05-01 0:00,ON,2015,5,1,14.3,,7.4,,21.2,,0,,0,,0,,0,,,M,,M,0,,3.7,,33,,81,
-79.37,43.86222222,TORONTO BUTTONVILLE A,615HMAK,615HMAK.2015.5.2,2015-05-02 0:00,ON,2015,5,2,15.8,,8.8,,22.8,,0,,0,,0,,0,,,M,,M,0,,2.2,,28,,68,
-79.37,43.86222222,TORONTO BUTTONVILLE A,615HMAK,615HMAK.2015.5.3,2015-05-03 0:00,ON,2015,5,3,16.8,,7.9,,25.6,,0,,0,,0,,0,,,M,,M,0,,1.2,,28,,79,
-79.37,43.86222222,TORONTO BUTTONVILLE A,615HMAK,615HMAK.2015.5.4,2015-05-04 0:00,ON,2015,5,4,17.5,,10.5,,24.5,,0.2,,0.2,,0,,0,,24,E,41,E,0,,0.5,,39,,78,
-79.37,43.86222222,TORONTO BUTTONVILLE A,615HMAK,615HMAK.2015.5.5,2015-05-05 0:00,ON,2015,5,5,11.7,,6.5,,16.8,,0,,0,,0,,0,,0,,0,,0,,6.3,,31,,74,
-79.37,43.86222222,TORONTO BUTTONVILLE A,615HMAK,615HMAK.2015.5.6,2015-05-06 0:00,ON,2015,5,6,13.5,,5.1,,21.9,,0,,0,,0,,0,,12,E,32,E,0,,4.5,,30,,77,
-79.37,43.86222222,TORONTO BUTTONVILLE A,615HMAK,615HMAK.2015.5.7,2015-05-07 0:00,ON,2015,5,7,16.3,,7.4,,25.2,,0,,0,,0,,0,,0,,0,,0,,1.7,,43,,79,
-79.37,43.86222222,TORONTO BUTTONVILLE A,615HMAK,615HMAK.2015.5.8,2015-05-08 0:00,ON,2015,5,8,19.6,,10.8,,28.3,,0.2,,0.2,,0,,0,,0,,0,,1.6,,0,,46,,88,
-79.37,43.86222222,TORONTO BUTTONVILLE A,615HMAK,615HMAK.2015.5.9,2015-05-09 0:00,ON,2015,5,9,21.5,,14.1,,28.9,,9.6,,9.6,,0,,0,,,M,,M,3.5,,0,,46,,97,
-79.37,43.86222222,TORONTO BUTTONVILLE A,615HMAK,615HMAK.2015.5.10,2015-05-10 0:00,ON,2015,5,10,21.1,,16.1,,26.1,,8.2,,8.2,,0,,0,,0,,0,,3.1,,0,,66,,98,
-79.37,43.86222222,TORONTO BUTTONVILLE A,615HMAK,615HMAK.2015.5.11,2015-05-11 0:00,ON,2015,5,11,17.1,,13.6,,20.6,,4.8,,4.8,,0,,0,,0,,0,,0,,0.9,,78,,100,
-79.37,43.86222222,TORONTO BUTTONVILLE A,615HMAK,615HMAK.2015.5.12,2015-05-12 0:00,ON,2015,5,12,12.1,,6.9,,17.3,,0,T,0,T,0,,0,,26,E,54,E,0,,5.9,,51,,100,
-79.37,43.86222222,TORONTO BUTTONVILLE A,615HMAK,615HMAK.2015.5.13,2015-05-13 0:00,ON,2015,5,13,9.7,,5.8,,13.6,,0,T,0,T,0,,0,,32,E,39,E,0,,8.3,,34,,93,
-79.37,43.86222222,TORONTO BUTTONVILLE A,615HMAK,615HMAK.2015.5.14,2015-05-14 0:00,ON,2015,5,14,11.5,,4.9,,18.1,,0,,0,,0,,0,,0,,0,,0,,6.5,,25,,70,
-79.37,43.86222222,TORONTO BUTTONVILLE A,615HMAK,615HMAK.2015.5.15,2015-05-15 0:00,ON,2015,5,15,11.2,,7.2,,15.1,,0.2,,0.2,,0,,0,,0,,0,,0,,6.8,,46,,84,
-79.37,43.86222222,TORONTO BUTTONVILLE A,615HMAK,615HMAK.2015.5.16,2015-05-16 0:00,ON,2015,5,16,19,,12.3,,25.7,,0,,0,,0,,0,,0,,0,,1,,0,,43,,88,
-79.37,43.86222222,TORONTO BUTTONVILLE A,615HMAK,615HMAK.2015.5.17,2015-05-17 0:00,ON,2015,5,17,18.7,,12.8,,24.5,,0,,0,,0,,0,,0,,0,,0.7,,0,,48,,83,
-79.37,43.86222222,TORONTO BUTTONVILLE A,615HMAK,615HMAK.2015.5.18,2015-05-18 0:00,ON,2015,5,18,21.8,,14.4,,29.1,,0,,0,,0,,0,,,M,,M,3.8,,0,,51,,83,
-79.37,43.86222222,TORONTO BUTTONVILLE A,615HMAK,615HMAK.2015.5.19,2015-05-19 0:00,ON,2015,5,19,12.5,,3.8,,21.1,,0,,0,,0,,0,,,M,,M,0,,5.5,,51,,78,
-79.37,43.86222222,TORONTO BUTTONVILLE A,615HMAK,615HMAK.2015.5.20,2015-05-20 0:00,ON,2015,5,20,9.8,,3.3,,16.3,,0,T,0,T,0,,0,,33,,41,,0,,8.2,,30,,82,
